driverId,name,ssn,location,certified,wage-plan
10,Timothy Perez,788-09-8108,"844 Tran Fields Suite 749
North Robinfurt, WA 17406",Y,hours
11,Alexis Dominguez,265-72-5158,"225 Charles Shoal Suite 424
Michaelstad, AS 95321",N,miles
12,Linda Steele,628-91-3685,"397 Susan Street Apt. 365
South Sharon, NY 63247",N,hours
13,Kimberly Fleming,362-53-0057,"6860 Denise Route Suite 348
West Bradleybury, ME 27442",Y,miles
14,Amy Lynn,248-24-0710,"114 Yang Spur
Port Cynthiatown, DE 65776",N,hours
15,Brandy Crawford,626-77-0634,"773 Ashley Brook Suite 817
Port Ashleyside, UT 17104",Y,hours
16,Isaac Wade,623-95-5139,"3969 Carey Rest Apt. 348
Ryanbury, NC 44485",N,hours
17,Michael Holt Jr.,161-96-7500,"65688 Johnson Square Suite 909
Hawkinsberg, WV 53224",Y,hours
18,Jennifer Wood,130-75-4339,"6261 Jacobs Key Suite 202
South Amy, UT 58996",Y,hours
19,Kevin Miller,103-86-5545,"62335 Laura Prairie
Lake Ernestton, VI 04857",N,miles
20,Michael Moran,198-90-1372,"PSC 0410, Box 3500
APO AA 84819",Y,miles
21,Dawn Ramsey,316-02-5450,"83413 David Walk Apt. 846
Hodgesview, TX 76120",N,miles
22,Stephen Adams,477-30-8776,"06416 Ferguson Underpass Suite 912
Ramosbury, MO 43760",N,miles
23,Joseph Davis,838-09-6444,"USCGC Carter
FPO AE 51502",N,miles
24,Benjamin Gutierrez,286-42-0429,"175 Dean Road Apt. 600
Harrisstad, ME 82458",Y,miles
25,Natalie Franklin,817-08-7294,"71180 Thompson Cove Apt. 947
Snyderport, KY 39103",N,hours
26,Manuel Henry,546-17-1767,"3585 Haynes Knolls Apt. 994
Port Kristiton, PW 13598",N,miles
27,Oscar Clark,811-70-6636,"87014 Michelle Meadow Apt. 758
Port Christinaville, MP 95526",N,hours
28,Victoria Lopez,093-03-5867,"370 David Fort
Delgadohaven, AK 79895",Y,miles
29,Connie Rodriguez,350-52-7779,"2877 Maria Corner
Marthaside, FM 35532",Y,miles
30,Jessica Sexton,393-48-3999,"4202 Raymond Course
Russellton, AZ 76504",Y,hours
31,Kristina Gordon,581-13-7528,"470 Coleman Junctions
Evansmouth, GA 22650",N,hours
32,Matthew Jones,744-66-0620,"Unit 2920 Box 7280
DPO AA 53320",N,miles
33,Ashley Contreras,842-98-3933,"579 Joanna Gardens Apt. 550
Josephfort, DE 90995",N,miles
34,Angela Costa,239-43-8218,"76814 Smith Falls
Josephfurt, GA 11983",Y,miles
35,Kaylee Stevenson,838-11-3843,"96288 Reese Ramp
South Michaelbury, ID 60077",Y,miles
36,Jennifer Houston,037-99-4014,"9772 Prince Crossing
Jaredland, AZ 86174",N,miles
37,Adam Campos,161-02-5563,"702 Barr Union Suite 072
Brandonmouth, OH 92216",N,hours
38,Amy Villanueva,316-42-3086,"84233 Chung Village
Pattersonville, FM 43018",Y,miles
39,Ronald Webb,192-10-4880,"88005 Holly Vista
Port Douglasfort, MI 98174",Y,hours
40,David Vincent,688-10-1314,"Unit 0644 Box 3111
DPO AE 19069",N,hours
41,Timothy Fitzgerald,131-32-3989,"517 Kaufman Forges Apt. 749
Tiffanyside, ND 90056",Y,hours
42,Terry Walton,759-57-2622,"28260 Spencer Island Apt. 665
Garrettland, ID 47639",N,hours
43,Kelly Malone DDS,014-36-3363,"628 Alexander Loaf
New Lisa, OK 39382",Y,miles
44,Brianna Christian,437-55-2591,"5700 Thomas Flat Suite 339
Teresahaven, MS 55589",N,hours
45,Gina Holt,522-72-3464,"640 James Lake Apt. 511
Johnsonmouth, MA 17875",Y,hours
46,Roy Ramos,374-54-5638,"679 Mark Crossroad Suite 865
New Deborah, MP 98841",Y,hours
47,Andrea Martinez,552-33-9575,"Unit 7015 Box 8403
DPO AP 81069",N,miles
48,Justin Warner,895-22-1576,"1140 Johnson Walk
West Robert, MP 05288",Y,miles
49,Alexis Rodriguez,316-40-9894,"04052 Marc Cliffs Apt. 987
New Juanstad, GU 41021",N,miles
50,Jasmine Hickman,788-39-9745,"5541 Debra Lodge Apt. 557
Youngport, NY 38826",N,miles
51,Marissa Baker,524-50-3655,"8464 Jordan Dam
Jonesmouth, MT 74063",Y,miles
52,Miranda Mills,229-95-9150,"022 Sanders Ville Apt. 027
Markchester, HI 74095",N,hours
53,Stephanie Hampton,259-37-6434,"3226 Zimmerman Loop
Port Sarah, CA 82412",N,hours
54,Brittany Medina,180-13-8208,"72479 Malone Avenue
West Neiltown, AZ 63456",N,hours
55,Erin Sandoval,675-97-1649,"7359 Lauren Manors Apt. 271
Jessicaton, MI 09302",N,miles
56,Monica Thomas,170-37-6825,"PSC 9144, Box 8181
APO AA 92205",Y,hours
57,Victoria Shaw,876-06-1863,"59169 Charles Passage Apt. 392
West Ronald, IL 43540",Y,hours
58,Alexis Graves,552-73-8627,"98979 Elizabeth Rue
Vaughanberg, LA 77228",N,hours
59,Harold King,858-72-7555,"280 David Garden Apt. 173
Mcconnellshire, GU 97402",Y,miles
60,Jason Ramirez,113-44-7965,"4141 Allen Fork Apt. 035
Riceburgh, MT 85256",N,miles
61,Hannah Drake,784-81-5507,"824 Tran Causeway Suite 900
Glennmouth, SC 06521",Y,hours
62,Steven Hernandez,650-76-6442,"300 Dunn Flat
Rhodesfort, FM 79796",Y,miles
63,Stephanie Patton,255-88-1848,"71353 Brown Coves
New Raymondside, LA 02428",N,hours
64,Kaitlyn Diaz,023-29-3856,"748 Carrie Springs Suite 160
Brightburgh, PW 40397",N,hours
65,Morgan Sullivan,861-49-4499,"370 Joseph Turnpike
Mooneyland, NM 52818",Y,miles
66,Jeffery Garcia,671-34-9534,"3003 Melissa Stravenue
Sabrinamouth, MO 40726",N,miles
67,Elizabeth Matthews,702-75-9430,"727 Pope Overpass Suite 637
Port Andrew, IA 79456",N,hours
68,Ryan Galvan,167-57-3989,"1849 Christopher Crest
Wilsonview, DE 92972",Y,hours
69,Veronica Stevenson,191-19-6253,"94781 Perez Creek Suite 659
Ingrammouth, MT 75989",Y,hours
70,Tamara Davis,684-53-7894,"0518 Kristen Creek Apt. 905
Port Brookeberg, NC 93481",N,hours
71,John Rodriguez,394-59-2077,"7316 Mitchell Alley
Lake Matthew, ME 08724",N,miles
72,Phillip Rodriguez,063-71-2345,"70076 Cunningham Station
Lindafort, MS 57989",N,miles
73,Eric Walter,367-35-3855,"816 Felicia Parkway Suite 814
Danielsville, MN 22184",N,hours
74,Robert Williams,275-03-6353,"USNS Brown
FPO AP 88804",N,hours
75,Shelly Robinson,009-95-0118,"07602 Ward Pine Apt. 440
West Mary, VA 96089",N,miles
76,Abigail Brown,030-17-9701,"USNV Morgan
FPO AE 49987",N,miles
77,Adrian Huff,558-41-2911,"7593 Schneider Circle
Matthewberg, OK 45234",N,miles
78,Kyle Carroll,340-52-7884,"0192 Brown Centers Apt. 614
Bauerbury, CO 10436",Y,hours
79,Stephanie Simmons,849-35-5506,"PSC 7064, Box 7532
APO AP 72512",Y,miles
80,Jackie Gaines,338-13-9114,"64116 Trujillo Extensions Apt. 127
New Michelle, NM 00549",Y,hours
81,Jordan Robinson,014-87-9793,"786 Pugh Mountain
South Alan, IN 65212",N,miles
82,Julie Arias,848-55-8709,"496 Hudson Coves Suite 252
South Andrew, ID 33738",N,miles
83,Timothy Thomas,398-50-6913,"0520 Edwards Circles
Scotthaven, RI 73922",N,miles
84,Brian Strickland,792-14-5524,"85004 Hannah Keys
North Pamelafort, KY 92804",N,hours
85,Ann Dominguez,617-91-7063,"4315 Underwood Drives
Stephanieburgh, WI 23365",N,hours
86,Mary Bryant DDS,218-92-9904,"842 Martinez Row Apt. 178
East Adam, CA 33389",N,hours
87,David Warner,821-57-9651,"7793 Mckenzie Spur Apt. 465
New Michelle, ME 51129",N,miles
88,Meredith Boyd,674-70-9503,"14374 Charles Freeway
Evansview, AL 98550",Y,miles
89,April Pitts,459-31-2249,"24597 Maria Locks Suite 963
Port Jacob, MP 29408",Y,hours
90,Margaret Harris,368-56-2444,"8558 Weaver Loop
Rowlandland, WI 42348",N,miles
91,Julie Johnson,038-72-1933,"1433 Ramirez Port Apt. 314
West Katherine, MH 79953",Y,miles
92,Krista Bruce,378-48-4133,"PSC 4872, Box 1330
APO AA 07992",Y,hours
93,Lisa Melendez,136-75-4508,"USCGC Ortiz
FPO AA 71385",Y,miles
94,Sophia Wilkinson,108-25-2741,"675 Cruz Corners Suite 021
Hunterport, SD 53465",Y,miles
95,Jessica Estrada,781-02-8698,"036 Edwin Brooks Apt. 429
Lake Johnshire, CO 93140",N,hours
96,Jessica Nielsen,761-57-2406,"7816 Chavez Via
North Patrick, HI 35456",Y,hours
97,Brandi Smith,240-58-4299,"95246 John Terrace Apt. 326
Gillshire, TX 45135",N,miles
98,Morgan Black,246-88-9125,"Unit 7243 Box 1447
DPO AE 27064",N,hours
99,Robin Tanner,646-79-1509,"03691 Meadows Turnpike Apt. 827
Port Jasonfurt, CO 84571",Y,hours
100,Francisco Hall,187-73-6502,"866 Pace Underpass Suite 420
Bellhaven, WI 65980",Y,miles
101,Andrea Robinson,073-54-5652,"93779 Goodman Trace Suite 779
North Jeanettechester, MD 32476",N,miles
102,Thomas Bush,290-51-5530,"800 Megan Field
Brooksside, CA 48076",N,miles
103,Christopher Nolan,740-08-8078,"45445 Harris Squares Apt. 167
North Dustin, MN 66062",N,miles
104,Joshua Jenkins,288-31-9534,"2384 Miguel Squares
Caitlinport, CO 27914",N,hours
105,Michael Roberts,551-82-9274,"4176 Melton Mountains
South Sherylberg, AS 00509",N,miles
106,Daniel Morris,235-02-2736,"20998 Booker Valley
Reynoldsport, CA 79349",Y,hours
107,Carlos Dixon,244-73-6817,"5808 Lisa Hills Suite 660
Lawrenceberg, LA 61186",Y,hours
108,Randy Allen,215-44-0082,"5106 Seth Bridge
East Jeremy, CO 14168",Y,miles
109,Jordan Thompson,493-43-2087,"1874 Brian Cove
South Gregory, DC 24829",Y,hours
110,Kristina Pace,752-60-9123,"63114 Steele Court Suite 643
South Sue, LA 41589",Y,hours
111,Justin Morse,727-11-4091,"8100 Bradley Mill
East Travis, OH 66497",Y,miles
112,Elizabeth Wade,827-71-4862,"09807 Alicia Viaduct Apt. 044
New Michelleside, DE 68271",N,miles
113,Daniel Stevens,636-56-5043,"809 Vazquez Field Suite 987
New Debraton, NV 71980",Y,miles
114,Laura Francis,432-09-3441,"681 Clark Isle
Kathystad, NY 15829",N,miles
115,Amanda Yu,014-73-7430,"915 Brooks Walk Suite 530
East Anthonymouth, PW 61749",Y,hours
116,Jay Martinez,886-35-8922,"532 Mason Park Apt. 169
Thompsonbury, GU 60488",Y,hours
117,Emily Leonard,602-13-7929,"521 Hernandez Junction
New Christinastad, UT 74766",N,miles
118,Gina Martin,658-31-3925,"70525 Calderon Cliffs
Lake Chase, OK 56074",Y,hours
119,Miranda Perez,519-72-0849,"458 Olivia Lock Suite 933
Vincenttown, NM 86702",N,hours
120,Jessica Butler,575-89-6259,"169 Nicole Row
Harringtonbury, ME 94964",N,miles
121,Michael Campbell,876-04-9922,"20555 Vaughn Crossing Apt. 033
New Brandon, OR 70724",Y,hours
122,Anthony Scott,766-39-1337,"79188 Griffin Tunnel Suite 617
Michaelmouth, NJ 44397",N,miles
123,Laura Robinson,182-67-0746,"09437 Melissa Hill
East Codyburgh, DE 83336",Y,hours
124,Laura Castillo,408-07-8864,"8034 Jackson Fords
West Natalie, LA 68090",N,miles
125,Randall Green,128-10-2194,"990 Christina Mission
North David, AL 84946",N,miles
126,David Jacobs,171-17-2776,"63452 Jose Parkway
South Michaelland, NV 91986",N,miles
127,Jennifer Murray,620-60-8634,"06751 Alexander Parkways Apt. 372
Fieldsbury, PW 40350",Y,miles
128,Edgar Santana,158-65-4392,"3137 Mann Meadows
New Eric, FL 10094",N,miles
129,Evelyn Pruitt,220-36-3240,"Unit 7111 Box 9323
DPO AP 81680",Y,hours
130,Jonathan Graham,082-47-3257,"08073 Elizabeth Flat
Garrettton, DE 51705",N,hours
131,Michael Lindsey,275-56-6812,"0875 Erika Circle
Jeffreytown, AZ 86551",Y,hours
132,Shawn Pitts,560-15-8343,"752 Matthew Pass Suite 634
New Melodystad, WI 47849",N,hours
133,Joseph Sanchez,886-81-3645,"373 Jason Shores Apt. 425
Burnsport, IA 86302",Y,miles
134,Nicholas Diaz,065-28-6614,"08716 Amanda Hill
Arthurfort, RI 53463",N,hours
135,Tony Salas,503-45-6306,"2856 Justin Camp Suite 142
East Meredithmouth, WI 42443",N,miles
136,Wayne Cobb,166-41-6923,"Unit 7483 Box 3169
DPO AE 37870",N,hours
137,John Gonzalez,133-01-0522,"65173 Nichole Terrace
Robertstown, NJ 68648",N,hours
138,Elizabeth Petersen,823-47-0253,"548 David Ferry
South Austin, VT 02555",Y,hours
139,Ellen Malone,037-69-4313,"Unit 8823 Box 2282
DPO AE 25146",Y,miles
140,Amy Taylor,162-93-7428,"7039 Reid Viaduct Suite 985
Juliemouth, MD 06134",N,miles
141,Linda Jones,362-38-4380,"7025 Bird Stravenue Apt. 145
Gregoryland, DC 24314",N,miles
142,Karla Kidd MD,845-42-4753,"86642 Fleming Rapids Apt. 519
Franklinburgh, WI 56676",N,miles
143,Teresa Gutierrez,894-10-5776,"64700 Tracy Parkway Apt. 487
Clintonfort, IL 04754",N,miles
144,Judy Fowler,720-31-0859,"5711 Kyle Parks
North Cindy, RI 94032",Y,miles
145,Leslie Kidd MD,436-97-5705,"2449 Brian Turnpike
Joshuachester, PR 84146",Y,miles
146,Andrew Moore DDS,124-42-9304,"USS Velazquez
FPO AE 97047",N,miles
147,Dylan Patel,292-48-3519,"192 Perez Rue
East Patriciahaven, KS 94796",N,miles
148,William Martinez,609-28-0050,"4399 Andersen Pike Apt. 365
Port Pamelaburgh, GA 75147",Y,hours
149,Mrs. Sara Smith,237-53-8471,"914 Omar Estate Apt. 691
Bryanmouth, ME 86677",Y,miles
150,Nicholas Kane,587-22-1133,"0687 Davis Fords Suite 012
South David, AL 48641",N,miles
151,Teresa French,022-79-7028,"0175 Flores Loaf Apt. 044
Larrychester, NC 91798",N,miles
152,Steven Parker,199-32-4256,"08458 Megan Coves
Wilsontown, UT 66877",Y,hours
153,Dana Bass,757-13-4129,"00206 William Brooks Apt. 911
Alanmouth, CO 10162",N,hours
154,Mackenzie Stephens,148-11-6010,"7550 Gordon Glens
Harrisland, AZ 35148",N,hours
155,Robert Strong,406-19-7210,"378 Curtis Knolls
Pricemouth, MD 58827",N,miles
156,Stephen King,807-23-9071,"3875 Tracy Circle
Lake Kelly, PR 45678",Y,miles
157,Nicole Figueroa,509-58-8052,"65024 Harrison Street
Nelsonport, PR 04388",N,hours
158,Kathleen Gutierrez,237-35-4264,"004 Julie Common
Lake Todd, NV 58353",N,miles
159,Jeffrey Huff MD,676-95-2576,"6353 Ruiz Locks Suite 789
Wallacefort, RI 11673",N,hours
160,Christopher Wilson,713-61-8001,"5567 Heather Roads Suite 299
Cameronborough, IN 56260",Y,hours
161,Paul Strickland,483-04-8882,"51274 Mccoy Terrace
East Jennifershire, AK 20650",Y,miles
162,Anthony Ward,804-64-0585,"46944 Troy Isle Apt. 212
Bruceberg, NV 26565",Y,miles
163,Keith Cervantes,602-07-8850,"101 Williams Roads Apt. 848
Ryanmouth, DE 21763",Y,miles
164,Matthew Yates DVM,656-78-6663,"11019 Griffith Key Apt. 284
West Tylerberg, OH 33562",Y,hours
165,Robin Graham,009-93-5048,"92788 Alison Pike Apt. 719
East Melissabury, GA 85635",N,hours
166,Brian Thornton,853-98-2188,"33364 Christopher Harbors Apt. 311
Lake Traci, MS 24077",N,hours
167,James Hicks,341-42-0018,"996 Larry Highway
South Amandaborough, MN 66568",N,hours
168,Breanna Hines,664-24-7742,"89170 Olson Vista Suite 879
Thompsonmouth, WV 66299",Y,miles
169,Amanda Bright,771-17-7918,"294 Kelly Cliffs Suite 766
East Amanda, SD 52056",N,miles
170,Frank Jones,608-16-4857,"308 Baker Landing Suite 295
Melissaton, DC 05749",Y,miles
171,Amy Williams,756-07-7554,"760 Andrew Meadow
Johnton, AZ 74005",N,miles
172,Scott Thomas,644-21-7310,"945 Adams Row
Reyesmouth, MT 61002",Y,hours
173,Kevin Castillo,208-89-8495,"9219 Francis Stream
Paulahaven, KS 64573",Y,hours
174,Lisa Houston,315-33-3821,"10906 Ruiz Station
Hansontown, MS 85028",N,miles
175,Jason Smith,732-80-0880,"6098 Mcguire Way
Port Staceyland, MO 87333",N,miles
176,Karen Anderson,105-76-1367,"479 James Parkway
West Jamesberg, LA 20831",Y,miles
177,Brenda Sharp,049-29-4735,"62194 Joseph Court
Martinezmouth, IA 17499",Y,hours
178,Pamela Klein,205-64-9554,"PSC 4129, Box 0114
APO AA 71195",N,miles
179,Tina Jones,187-61-6764,"4857 Cameron Lock Apt. 820
Margaretport, MS 44844",N,hours
180,Christian Roth,407-63-7291,"399 Tanner Locks
West Waynefurt, RI 45856",N,miles
181,Elizabeth Howard,136-83-4007,"319 Rios View Apt. 717
South Craigbury, MO 61076",N,miles
182,Emily Foster,581-02-9137,"01916 Angela Causeway Suite 190
Kevinville, PR 90123",Y,miles
183,Veronica Mullins,255-36-0489,"3680 Amanda Freeway Apt. 657
Morrischester, OH 11452",Y,hours
184,Jessica Stephens,841-44-4353,"8748 Alvarado Isle
Gonzalezville, MI 52324",Y,hours
185,Daniel Rasmussen,101-23-7563,"872 Timothy Fords
North Ashley, GA 46226",N,hours
186,Heather George,204-60-4650,"21510 Madison Parks Apt. 885
New Savannahstad, CO 15760",Y,hours
187,Monica Richard,073-03-9517,"70654 Howard Valleys
North Taylor, CT 84495",Y,miles
188,Donna Evans,552-28-4536,"39836 Jacob Locks
South Paulborough, WI 34011",N,hours
189,Aaron Mcdonald,496-69-7183,"763 Powell Unions Apt. 723
South Rita, WV 80355",Y,hours
190,Lee Mclaughlin,491-86-6854,"689 Allen Circles Apt. 448
Barrborough, FM 14614",N,miles
191,Chelsea Ramirez,081-23-4271,"5797 Brown Stream Apt. 145
Stevensonhaven, VI 58276",N,miles
192,David Wiley,836-92-0620,"49894 Julia Mill
East Paula, MT 21289",Y,miles
193,Lauren Medina,584-12-4373,"369 Gary Fork
Kimberlyview, WI 33275",N,miles
194,Gary Garcia,202-52-3555,"932 Forbes Avenue
Bellview, IL 19755",Y,hours
195,Ashley Mejia,662-50-1158,"7272 Gregory Shore
Kellybury, KS 37896",Y,miles
196,Jennifer Mullen,125-79-7041,"88569 Jackson Flats Suite 900
Nguyenton, MH 53319",N,hours
197,Donald Moore,476-16-1650,"PSC 0634, Box 8215
APO AE 51638",Y,hours
198,Marcus Benitez,249-89-1108,"7430 Chen Forks
Port Nathan, PW 41306",N,miles
199,Melissa West,268-40-8874,"5645 Klein Rapids Apt. 164
Davidview, NE 28253",Y,hours
200,George Gaines,398-09-1570,"4153 Jonathan Valleys Suite 131
Ronaldburgh, MS 26099",Y,hours
201,Michael Rojas,596-99-1780,"13853 Alexander Hollow Apt. 422
Mckenzieville, OR 02429",N,miles
202,Megan Kennedy DDS,816-57-7733,"0794 Matthew Vista
Oliviabury, AL 03658",Y,miles
203,Catherine Pollard,215-45-9619,"2729 Hernandez Key
Harrisville, CA 64966",N,miles
204,Erin Baker,312-79-6709,"589 Dawson Mission Suite 704
Lake Amberfort, KY 84298",Y,hours
205,Jeremy Dominguez,517-95-4332,"626 Robert Corners Suite 148
North Stephenhaven, CA 46501",N,miles
206,Jeremy Fleming,843-72-4607,"46828 Michael Court Suite 236
North Rebekahmouth, NV 61420",Y,miles
207,Jessica Johnson,563-84-6903,"35485 Cole Forges Apt. 265
Derekfurt, RI 52084",Y,miles
208,Michael Turner,820-93-9098,"807 Jacob Centers Suite 813
North Anthony, WV 61526",N,hours
209,Megan Steele,242-65-2467,"0117 Mary Neck
South Harry, PR 41599",Y,hours
210,Thomas Rogers,837-89-3185,"08674 Christopher Expressway Apt. 159
Johnsonside, LA 00561",N,miles
211,Jessica Hill DDS,896-34-6699,"4694 Carlson Junctions Suite 219
South Benjaminshire, NV 95915",Y,miles
212,James Chavez,023-72-8258,"402 Tyler Cove Apt. 385
Jessicabury, TN 63985",Y,hours
213,Traci Martinez,085-01-2533,"076 Kristin Parks Apt. 377
East Maria, UT 96592",N,hours
214,Tonya Wiley,359-16-8464,"63923 Rodriguez Rest Suite 010
East Tammy, AK 64835",N,miles
215,Kathleen Wilkins,523-10-3556,"PSC 8779, Box 3798
APO AP 99068",Y,hours
216,Dillon Wood,099-44-9189,"852 Jose Divide
North Nicholas, MI 81679",Y,hours
217,Rebecca Valentine,476-08-8123,"234 Fisher Shoal Apt. 648
South Jeffreybury, AK 93811",Y,hours
218,Jennifer Walker,799-81-0454,"011 Rodgers Plain Apt. 624
West Danielberg, IA 98043",N,hours
219,Mr. Sean Stanley,419-78-6181,"6273 Steven Trace Suite 389
Millerfurt, WY 58692",Y,hours
220,Ashley Barnes,585-09-8232,"USS Hoffman
FPO AA 82901",N,hours
221,Joseph Phillips,088-68-6387,"1365 William Plaza
Jenniferside, MS 05617",Y,hours
222,Heather Gillespie,146-25-2927,"96115 Roberts Trail
Thomaston, NV 49920",N,hours
223,Maria Hall,374-17-5977,"83375 Thomas Fords Suite 827
Moniqueland, RI 34303",Y,miles
224,Amber Mcmahon,614-21-9048,"799 Daniel Lock
Arthurberg, MO 51283",Y,hours
225,Jason Williams,826-26-6710,"2979 Daniel Ridges Apt. 310
Port Rebeccaton, SD 87422",Y,miles
226,Natalie Adams,678-22-9415,"491 Hill Place
Mitchellstad, KY 54051",N,miles
227,Victor Jones,577-77-2050,"97431 Wendy Island Apt. 701
East Brian, CO 23398",Y,hours
228,Tony Guerrero,602-81-4053,"4828 Galloway Neck
Williamtown, IL 50925",Y,miles
229,Andrea Brown,638-79-3547,"6900 Karen Lake
Matthewsfurt, MT 71160",N,hours
230,Alejandro Hendrix,463-37-9758,"894 Kelly Unions Suite 731
East Brittanymouth, CO 58680",Y,miles
231,Henry Williams,832-02-0313,"639 Travis Hill Suite 825
Evansfort, DE 09747",N,miles
232,Karen Black,588-92-7631,"679 Jennings Falls
Coleport, NJ 49073",N,hours
233,Vernon Baldwin,290-85-4768,"4466 Kristine Way Suite 905
Castrochester, PW 76350",Y,miles
234,Lindsey Ward,224-56-3778,"06096 Joseph Mountains
East Sharonfort, MO 42249",N,hours
235,Curtis Riddle,119-39-3125,"15076 Christopher Ramp Suite 497
Stephenschester, WA 53074",N,hours
236,Tara West,053-36-5293,"601 Rhodes Pike Suite 588
Melissaside, CT 07014",N,hours
237,Daniel Pierce,350-77-9771,"9345 Anne Freeway Apt. 548
East Tommouth, FM 03952",Y,hours
238,Pamela Moran,089-27-0957,"3631 Jennifer Views Apt. 720
West Taylor, AS 61215",Y,hours
239,Christopher Woods,614-84-2810,"837 Hughes River Apt. 510
North Ryan, MO 99776",N,hours
240,Paul Hodge,187-22-0497,"679 Allison View
Port Christine, NH 92608",Y,hours
241,Kristin Anderson,445-60-4571,"488 Esparza Neck
Port Keithland, GU 98674",Y,miles
242,Lindsay Clayton PhD,834-59-5197,"Unit 5735 Box 8232
DPO AP 63823",N,miles
243,James Villanueva,412-15-8571,"5089 Gibson Walk Suite 440
Clarkhaven, WY 78358",N,miles
244,Patricia Knight,049-76-5384,"07551 Moore Summit
Justinville, GA 88469",Y,miles
245,Tara Williams,708-88-5277,"0953 Patrick Vista
Jasonstad, LA 94752",Y,hours
246,Gary Sanchez,327-98-9037,"USNV Carr
FPO AE 57672",N,miles
247,William Young,188-66-4180,"3381 Sarah Key Suite 692
New Danielle, LA 86675",Y,miles
248,Gary Shelton,464-21-9626,"0447 Jason Village
Lake Michaelfurt, NM 52192",N,hours
249,Katelyn Brown,183-13-6136,"402 Deborah Lake Apt. 583
Cynthiamouth, AS 58536",N,miles
250,April Moreno,320-88-2452,"78054 Lewis Estates Suite 736
Davidside, NJ 14028",Y,miles
251,Stephanie Brown,649-12-9307,"33353 Manning Flats
Gomezview, FL 76623",Y,hours
252,Amanda Brown,750-52-2971,"13982 Holden Meadows Apt. 437
Herrerabury, OH 01344",Y,hours
253,Michelle Brady,129-91-9410,"18839 Nash Plains
Austinmouth, WY 72030",N,miles
254,Terri Smith,035-96-9397,"971 Moore Gardens Suite 029
New Carlfurt, PW 92365",Y,hours
255,Ruth Collins,045-49-0440,"292 John Crest Apt. 768
New Billy, PW 79792",Y,miles
256,Jennifer Wallace,639-31-2744,"4501 Bennett Forest
Shaneton, MD 06413",N,miles
257,David Clark,107-62-7574,"79704 Haynes Overpass
South Stephanieshire, WI 79265",Y,hours
258,Linda Mcdonald,302-51-2208,"8407 Tasha Street Apt. 909
Kimville, PA 10361",Y,miles
259,Victoria Dunn,737-84-1791,"4965 Smith Lights
Christopherbury, VA 28583",Y,hours
260,Evan Perez,485-08-6478,"3554 Robert Hollow Apt. 479
Janeland, NY 71296",N,hours
261,Eric Pierce,873-91-8739,"Unit 8578 Box 3148
DPO AA 70725",Y,miles
262,Kent Ross,663-56-0882,"PSC 5769, Box 0250
APO AP 52630",N,miles
263,Jessica Rivers,693-99-8369,"Unit 7443 Box 3746
DPO AE 10011",Y,miles
264,Anthony Schultz,141-50-0808,"9372 Jeremy Greens Apt. 647
Judithburgh, KS 46565",N,hours
265,Jennifer Wiggins,850-53-7623,"422 Paula Mountains Apt. 192
Carterstad, DC 91086",Y,hours
266,Samantha Sexton,799-98-1321,"20139 White Glens Apt. 799
Mcleanshire, SC 41355",N,hours
267,Anthony Knight,758-43-2821,"6932 Tracy Mills Apt. 286
Deleonchester, AZ 63597",N,miles
268,Kristin Harper,687-04-1954,"PSC 5874, Box 2044
APO AE 44076",Y,miles
269,Jesse Hale,805-06-8938,"92033 Cheryl Course
West Charlesstad, MO 35563",Y,miles
270,Douglas Young,041-88-4976,"24364 Andre Valley
Deannatown, MO 09679",Y,hours
271,Emily Blair,007-90-3535,"540 Beth Drive
South Tina, TX 09129",Y,miles
272,Monica Ward MD,800-29-3971,"411 Evans Estates Suite 850
Andrewbury, CO 53188",N,hours
273,David Brown,077-67-7082,"0765 Bobby Mill Suite 944
South Lindastad, AR 23751",Y,hours
274,Rachel Garrison,076-70-3620,"129 Andrea Rest
Shellymouth, FM 76165",Y,hours
275,Andrea Crawford,376-27-2687,"54407 John Highway Apt. 783
Port Jerry, VA 58815",N,hours
276,Jason Shah,587-46-5869,"69916 Sara Haven Suite 897
Webbberg, FL 16199",N,hours
277,Eric Ray,717-42-2298,"7181 April Route
New Danielport, CT 33265",N,hours
278,Aaron Jones,520-76-1245,"436 Moore Street Suite 569
Francischester, FM 44624",N,hours
279,Hannah Chambers,212-87-7228,"7258 Andrew Ports Suite 653
Lake Marioshire, ME 32212",Y,hours
280,Christina Wilson,720-68-5775,"88311 Ferguson Gardens
Amymouth, NC 02382",Y,miles
281,Carla Rodriguez,843-74-6770,"449 Sean Walk Apt. 739
Lake Williamhaven, GA 14803",N,hours
282,Jeffrey Perez,231-59-7756,"745 Smith Viaduct
Jasminmouth, IA 45411",Y,hours
283,James Erickson,692-02-7214,"07319 Shannon Ridge
North Heather, SC 11734",Y,miles
284,Derek Stevenson,250-53-3756,"884 Rodriguez Centers Apt. 831
Port Matthew, CA 37676",Y,miles
285,Joshua Williams,797-43-5019,"877 Bell Orchard
New Marissahaven, AL 15680",N,miles
286,Brian Chavez,549-59-6746,"942 Mitchell Green Suite 128
Port Michaelview, DC 34750",Y,miles
287,Jessica Schmidt,200-23-1056,"662 Diaz Branch Apt. 941
Amandaburgh, CA 28119",Y,miles
288,Joshua Powell,807-24-6043,"0503 Kent Turnpike Suite 420
Jamietown, KY 23037",Y,miles
289,Mary Humphrey,534-43-0155,"8324 Cruz Prairie
Leeshire, MP 58239",Y,miles
290,Ann Phillips,526-50-0733,"9265 Michelle Lane
Mitchellmouth, MS 75749",N,miles
291,Jeremy Kim,093-82-2470,"497 Wells Corners Suite 366
Port Brendaview, FM 12369",Y,miles
292,Cody Jones,417-16-2875,"403 Baker Meadow
Lake Kimberlymouth, TX 27488",Y,hours
293,John Rogers,144-84-7564,"519 Luke Springs
Kendrashire, ND 55268",N,miles
294,Emily Solomon,048-65-2606,"92392 Jessica Freeway
Lake Maria, CO 54521",N,hours
295,Brian Massey,804-26-2531,"9043 Denise Groves Apt. 888
Samuelmouth, AK 62466",Y,miles
296,Leslie Baxter,460-67-7909,"43710 Larsen Hills
Lake Crystaltown, IA 09552",N,miles
297,Ryan Vargas,623-32-8304,"06647 Monique Fork Suite 190
Port Briana, KY 22994",Y,miles
298,Taylor Smith,562-24-2462,"75884 Johnston Forge
North Andremouth, NE 48398",Y,hours
299,Lisa Johnston DVM,747-73-8941,"98528 Anderson Junctions
Port Christina, WA 26082",N,hours
300,Elizabeth Rangel,034-16-7306,"3676 Caitlin Forges Apt. 567
New Sharon, AS 17270",N,miles
301,Amanda Smith,437-58-8246,"6555 Mark Inlet
New Kathy, LA 63398",N,miles
302,Brian Moore,535-09-1440,"10262 Destiny Highway Apt. 961
West Steven, DC 12125",N,hours
303,Rhonda Cervantes,389-69-7616,"2373 Natalie Heights
West Krystalfort, WI 94187",Y,hours
304,Miss Candace Roberts,312-80-4551,"461 Simmons Shoals Apt. 372
Lake Jonathanland, AL 01946",Y,miles
305,Lauren Cooper,599-26-6639,"333 Gina Stream Apt. 956
Jonesmouth, SD 24396",N,hours
306,Dana Johnson,667-90-5212,"613 Shannon Brooks
New Laurenview, NH 22611",Y,miles
307,Ashley Turner,047-51-2912,"55630 Anna Land Suite 909
Jessicaview, SD 45151",N,miles
308,Brandon Martinez,435-57-6454,"PSC 0008, Box 1338
APO AA 72904",Y,hours
309,Dakota Saunders,138-78-1494,"49965 Erica Ramp Suite 699
West Eileenshire, VT 23879",Y,miles
310,Shawn Meyer MD,193-16-5060,"4871 Mcbride Inlet Apt. 646
Bryantside, IN 38383",Y,hours
311,Janet Garner,580-72-0558,"308 Katie Heights
Henryton, NE 01153",N,miles
312,Darlene Bautista,436-20-9520,"USNV Costa
FPO AE 52979",N,hours
313,Pam Smith,616-28-7228,"05972 Hoffman Throughway Suite 179
Keithbury, CA 15743",Y,hours
314,Craig Stevens,349-85-8831,"114 Morgan Summit Suite 809
Port Jamiebury, NV 76017",N,miles
315,Michelle Gutierrez,783-59-2128,"13810 Jackson Spur Apt. 960
Alexandershire, PW 70130",N,hours
316,Nathan Wyatt,255-05-0218,"33027 Smith Throughway
West Michael, LA 68159",N,miles
317,Robert Smith,185-67-9319,"83472 Ward Trail
Christopherchester, IL 72682",Y,hours
318,Barbara Brown,190-37-6592,"70280 Leslie Falls
West Sandra, IL 82704",Y,hours
319,Anthony Arnold,844-51-3244,"48581 Shelia Cliffs
North Marystad, IN 64045",Y,miles
320,Ashley Pineda,600-52-0261,"94462 Galvan Plaza Suite 895
Chadshire, PA 79699",N,miles
321,Michael Brown,013-55-4999,"59150 Smith Freeway
Fritzville, UT 19114",Y,miles
322,Thomas Ingram,854-99-8606,"Unit 9752 Box 3507
DPO AA 24222",N,miles
323,James Lee,442-51-3672,"7927 Zuniga Plaza Suite 566
North Daltonhaven, OR 12322",Y,hours
324,John Ho,850-72-4434,"43471 Scott Hill
Maxwellmouth, AL 13914",N,miles
325,Stephanie Weber,288-36-4924,"351 Jose Motorway Apt. 476
Cindyview, IA 08730",Y,miles
326,Angela Quinn,498-19-8979,"USS Jenkins
FPO AA 52068",N,hours
327,Kayla Lambert,724-09-7494,"332 John Spurs Apt. 600
Port Maurice, GA 09173",Y,miles
328,Mark Barker,766-59-7373,"9989 Ramos Path
Port John, IN 18228",Y,hours
329,Teresa Reeves,142-13-4430,"USCGC Duarte
FPO AA 63869",Y,hours
330,Mary Weiss,777-74-9675,"859 Mackenzie Cape
West Emilyborough, VI 23448",N,miles
331,Kelsey Hamilton,196-05-6237,"055 Marc Course
Andersonstad, IA 16375",Y,miles
332,Tyler Parrish,035-22-3789,"4327 Caitlyn Spring Suite 505
East Robert, CO 68886",N,miles
333,Catherine Erickson,254-37-1765,"0691 Elizabeth Loaf Apt. 575
East Joshua, DC 61697",N,miles
334,Christopher Mullins,683-90-9949,"77449 Cline Prairie Apt. 653
Jenniferbury, AS 02380",Y,hours
335,Frank Greene,708-51-5449,"0711 Cole Wells Suite 835
West Benjamin, IN 32096",N,miles
336,Jessica Mayer,318-83-2022,"453 Charles Isle Suite 043
Bellmouth, DE 16047",Y,miles
337,Jeremiah Henry,477-34-9351,"552 Andrea Fall
Jeffreyfurt, TX 81036",N,miles
338,Aaron Davis,725-36-6667,"Unit 5764 Box 7027
DPO AE 74346",N,hours
339,Daniel Wright,277-47-5571,"486 Smith Lakes
Evansstad, AK 62940",Y,miles
340,Michael Lee,184-72-4098,"117 Johnson Orchard Suite 402
Nicholasmouth, AR 79921",N,hours
341,Alexander Gomez,874-42-5152,"534 Bean Shoals
West Sarahside, IL 08087",N,hours
342,Amanda Smith,748-96-0426,"691 Adam Vista Apt. 792
Wardburgh, NC 38665",Y,hours
343,Tanya Williams,131-13-4957,"4250 Hunt Creek
Chandlerstad, AR 07368",N,miles
344,Alisha Thompson,385-22-0087,"393 Spencer Ports Suite 015
Sallyview, MA 02739",N,miles
345,Larry Hernandez,341-39-7001,"533 Garcia Shores Suite 665
North Emmastad, VI 41424",Y,hours
346,Jesus Roberts,496-76-9428,"12039 Tapia Plaza Apt. 235
East Crystalview, MN 14584",Y,miles
347,Bryan Adkins,679-93-4008,"03702 Joseph Plains
Mcphersonland, FM 30451",Y,hours
348,Stephanie Grimes,669-83-8948,"PSC 3923, Box 8738
APO AA 30064",N,miles
349,Belinda White,835-51-4755,"2362 Malone Crossroad Apt. 470
Williamstad, CA 54555",Y,miles
350,Gregory West,670-34-6533,"2607 Silva Port Suite 297
Middletonside, WA 01248",Y,miles
351,Jeremy Smith,166-11-8788,"950 Alicia Glen
Santosmouth, NC 54181",N,hours
352,Eric Perez,897-57-3771,"Unit 0356 Box 7480
DPO AA 85485",N,hours
353,Kristen Barker,246-78-0275,"18831 David Valleys
Port Courtneyton, PW 93617",N,miles
354,Tracey Wilson,857-51-3805,"999 Garcia Plaza
Higginsstad, MP 30761",Y,hours
355,Jose Malone,176-25-2703,"408 Coleman Junctions
Port Lindsay, MN 84592",Y,hours
356,Timothy Berger,810-49-1069,"USCGC Moore
FPO AA 11012",Y,hours
357,Ralph Gomez,096-61-0985,"68116 Vickie Islands
Laurachester, PR 85115",N,miles
358,Molly Goodman,170-06-5604,"2464 William Ways
Amandaville, MP 29116",N,miles
359,Christy Perkins,678-68-5492,"5284 Hurley Summit Apt. 067
East Amberburgh, MA 88701",N,miles
360,Heidi West,578-06-7834,"659 James Ranch Apt. 788
Jenniferburgh, MN 81960",Y,hours
361,Michael Cook,086-20-5535,"53131 Ryan Vista Apt. 966
West Ashley, SD 20742",Y,hours
362,Michelle Cardenas,452-94-0419,"290 Spencer Shoal
Ortizmouth, IA 63613",N,miles
363,Charles Carpenter,577-07-0580,"853 Stein Route
Mendezstad, WY 76502",Y,miles
364,Caitlyn Daniels,845-63-4977,"7747 Katie Field Apt. 588
South Rachel, NV 93942",N,miles
365,Tabitha Holland,169-99-9117,"07428 Kimberly Fords Suite 931
Port David, MN 74227",N,miles
366,Lindsey Castillo,123-05-3743,"43045 Andrea Cape Suite 809
Brentmouth, FL 07336",N,miles
367,Christine Bell,778-03-3699,"234 Thompson Tunnel Suite 873
New Nicole, MI 23172",N,hours
368,Gordon Jones,007-62-3610,"9532 Matthew Wells
New Ashley, CO 97653",Y,hours
369,Nicholas Henderson,215-36-6161,"41573 Shane Canyon
Leonardbury, UT 72512",Y,hours
370,Emily Williams,166-57-3626,"PSC 1630, Box 4894
APO AA 54642",Y,miles
371,Alicia Johnson,150-98-7316,"3742 Meghan Fork Suite 529
Lake Rhondatown, GU 33464",N,hours
372,David Wright,678-77-2279,"573 Bean Center
East Rebekahburgh, KY 64112",N,hours
373,Jenny Roberts,360-80-7320,"26814 Shelly Islands
Maryview, NY 05525",Y,miles
374,Susan Morgan,417-33-5507,"PSC 2412, Box 3325
APO AP 34724",N,miles
375,Marc Dyer,299-61-1131,"16840 Clark Prairie Apt. 838
Stacyburgh, UT 53616",N,hours
376,Leah Baker,431-02-6515,"PSC 6811, Box 4368
APO AE 58492",N,miles
377,Julie Carpenter,498-67-1793,"58741 Breanna Isle Suite 906
Port Alicia, PA 59779",Y,miles
378,Courtney Johnson,069-14-9636,"93770 Guzman Locks
Markstad, AL 54121",Y,hours
379,Taylor Butler,422-88-9324,"5031 April Wells Suite 539
Lake Nicholasmouth, MD 93282",N,hours
380,Bryan Mcintosh,627-12-0694,"97936 Levy Crescent
Munozstad, WA 03559",N,miles
381,Kenneth Ferrell,191-01-8374,"442 John Junctions Apt. 029
East Michaelhaven, UT 83519",N,miles
382,Jenny Murphy,614-27-4700,"938 Ashley Lights
Smithstad, AZ 70169",Y,hours
383,Vanessa Perry,506-42-7062,"83690 Thomas Mountain Suite 261
Markbury, RI 91026",Y,hours
384,Ricardo Hull,115-18-5482,"69999 Smith Views
Sweeneymouth, CA 46855",N,miles
385,Justin White,869-99-9951,"35733 Tamara Stravenue
Ellisview, HI 26398",N,hours
386,Patrick Riggs,215-15-8148,"16795 Maria Locks Suite 864
West Steven, ID 84297",N,hours
387,Zachary Martinez,592-27-5885,"642 Weiss Junction Suite 068
West Sharon, GU 04215",N,hours
388,Linda Glass,369-11-2663,"4815 Daniel Mews Suite 924
Danielshire, CT 08187",Y,miles
389,Jason Nichols,271-56-3467,"62999 Ware Springs Suite 163
East Brandon, CO 72831",N,miles
390,Amanda Avila,145-02-1327,"186 Carrillo Greens
Coxville, CO 55930",Y,miles
391,Christina Lane,298-84-9611,"732 Ashley Stream
Miguelside, ID 88350",Y,hours
392,Cassie Gonzales MD,370-25-4369,"36986 Moses Cliffs Suite 499
Kelleyville, WY 53891",N,hours
393,Jennifer Lee,607-05-8324,"6537 Pamela Hill Suite 515
Port David, MO 41635",Y,hours
394,Gordon Scott,225-18-1785,"34429 Miller Station
Lake Dawnmouth, DC 23724",Y,hours
395,David Burton,625-19-3363,"6629 Brown Mountain
Lake Juanfurt, GU 75174",Y,hours
396,Peter Page,081-89-0708,"637 Miller Burg Apt. 620
South Jeanettechester, UT 60981",Y,hours
397,Brandi Adams,211-44-9195,"USS Walker
FPO AA 53804",Y,hours
398,Michael Ewing,423-43-6848,"PSC 5830, Box 1654
APO AA 73953",N,miles
399,Ricardo Davis,372-33-2860,"4130 Theresa Turnpike Apt. 548
Serranomouth, MA 01407",N,hours
400,Richard Brown,330-94-6383,"4311 Lisa Hill
New Kimberlyton, OH 94210",N,miles
401,Justin Bell,499-15-0401,"PSC 3593, Box 5303
APO AA 33082",Y,hours
402,James Graham,386-61-0422,"135 Connie Turnpike Suite 114
Lake Christianport, CT 86380",N,hours
403,Roberta Payne,717-20-8067,"1537 Dylan Stream Suite 781
Anthonytown, CO 06174",N,hours
404,Diane Osborne,508-46-8100,"1933 Smith Point
Holdermouth, ID 89496",N,miles
405,Emily Martinez,400-68-3457,"589 Rodriguez Expressway
Port Cathy, AK 86624",N,miles
406,Gerald Hernandez,449-60-5044,"8598 Sutton Estate
Port Megan, PW 85751",N,miles
407,Tracy Rodriguez,823-40-3658,"936 Brandon Underpass Apt. 345
East Nicole, WA 57591",N,hours
408,Michael Kirk,641-38-1243,"40829 Harvey Motorway Apt. 897
East Haley, MS 87160",Y,hours
409,Steven Ware,622-76-5445,"293 Shaw River
North Brittanybury, NV 91004",Y,hours
410,Chloe Anderson,612-18-5196,"80628 Heather Point
Port James, UT 88277",N,miles
411,Hunter Lee,558-96-6197,"63357 Jeffrey Run Apt. 477
Lake Kevinberg, VA 12459",N,hours
412,Tyler Banks,696-01-6804,"05307 Sara Square
Valdezbury, AS 69512",Y,hours
413,Angela Rodriguez,636-21-2692,"0438 Anthony Field
Port Adam, OR 44829",Y,miles
414,Meagan Macdonald,791-21-8468,"596 Brennan Gateway Apt. 947
South Andreaborough, KY 11528",N,miles
415,Jeffrey Bridges,412-90-8758,"78419 Daniel Flats
Amyshire, SC 05485",N,hours
416,Andrew Lin,280-27-3820,"07203 Anne Plaza Suite 365
New Nathanielland, DE 41911",N,miles
417,Claudia Glass,609-31-0740,"50943 James Isle Apt. 556
North Danny, ME 78160",Y,miles
418,Jacqueline Daniels,667-97-0915,"43519 Todd Loaf
South Bryan, AK 58586",Y,miles
419,Eric Hanna,713-58-1763,"1069 Webb Burgs
North Kayla, VA 46327",Y,hours
420,Melinda Rowe,243-60-9653,"736 Kimberly Extensions
South Davidhaven, GU 96518",Y,hours
421,Brian Miranda,810-42-2273,"6847 Jessica Ways Apt. 657
Parkertown, ID 31380",Y,hours
422,Tamara Gomez,192-59-1003,"995 Young Key
North Benjamin, NJ 57272",Y,miles
423,Travis Brooks,800-17-3492,"7255 Lauren Track Suite 805
West Tammychester, AS 29321",Y,miles
424,Tonya Davis,103-12-2528,"15393 Hamilton Place
Port Connie, MA 54690",Y,miles
425,Teresa Castro,466-91-9120,"27709 Donald Cape Suite 423
North Johnton, AL 80391",Y,miles
426,Robert Harmon,842-56-8172,"1677 Cynthia Club Apt. 656
West Laura, KY 57753",Y,hours
427,Michael Osborne,679-58-5943,"6792 Salinas Shore
Port Carol, NV 48324",Y,hours
428,Vincent Young,569-04-9160,"621 Lawson Gateway Apt. 461
Port Clifford, PA 89352",N,miles
429,Jonathan Stewart,240-57-4289,"9563 Jeffrey Cliff
Lake Donnaport, AZ 25970",Y,hours
430,Mrs. Christine Contreras,244-43-6939,"118 Harris Prairie
North Cynthia, IN 39014",N,hours
431,Michael Mccullough,567-27-7083,"37770 Catherine Rapid Suite 854
East William, RI 42481",Y,hours
432,Dr. Tiffany Noble,140-98-5591,"1087 Medina Curve
Riveraborough, AK 90528",N,hours
433,Joshua Ball,178-30-1318,"8708 Bethany Spurs Apt. 926
North Gary, DC 22961",N,miles
434,Jane Haas,640-55-7191,"212 Buckley Tunnel
Blairland, OR 57118",Y,hours
435,Christopher Lewis,293-44-3591,"5914 Robert Gardens Apt. 792
North Ryan, MA 78386",Y,hours
436,Diana Santos,517-97-9174,"3461 Rose Mountain
Lake Miranda, KS 90879",Y,miles
437,Sarah Price,296-72-4961,"485 Brian Falls
New Tinafurt, GU 89780",Y,miles
438,Jeremiah Bell,718-25-9242,"00387 George Plaza Apt. 548
South James, NE 57236",N,hours
439,Kayla Riggs DDS,183-39-5276,"13144 Erin Knoll Suite 218
Danielsmouth, TN 05616",Y,hours
440,Alan Lewis,413-02-2747,"PSC 5319, Box 8243
APO AP 39791",N,hours
441,Jeremy Velez,229-86-8103,"51683 Jones Village
East Tinaborough, AR 01496",N,hours
442,Ryan Ryan,554-50-1922,"577 Lopez Rapid Suite 591
Huntbury, CT 80637",Y,miles
443,Mr. Anthony Phillips,010-08-4052,"3779 Freeman Mission Suite 122
Lake Jessicaborough, AS 11551",Y,hours
444,Jeffrey Brown,539-33-0968,"083 Jessica Rapids
Jillianmouth, NC 55308",Y,miles
445,Lucas Rojas,330-52-7293,"116 Ashley Groves
Elizabethtown, MD 88507",N,miles
446,Gregory Osborn,650-72-4160,"151 George Heights Suite 474
Perkinsbury, NH 85771",Y,hours
447,Crystal Johnston,396-38-7280,"11838 Joseph Prairie
Toddtown, WV 96463",Y,miles
448,Bruce Paul,127-18-3709,"0647 Joshua Crossroad
North Raymond, VI 76388",N,miles
449,Daniel Mendoza,497-44-8460,"661 Wilson Knoll Apt. 770
Lopeztown, NV 87138",Y,hours
450,Justin Blevins,762-33-4518,"11531 Brenda Points
South Alex, TX 20639",Y,hours
451,Charles Andersen,180-81-4161,"3404 Frank Rapid
Valenciafort, KS 67433",N,miles
452,Michael Nguyen,883-55-5322,"78315 White Lakes Apt. 385
Wyattmouth, NY 90994",N,miles
453,Jenna Baker,522-64-7229,"07876 Mitchell Cliff
Port Thomas, DE 34786",Y,hours
454,April Drake,201-26-4956,"995 Brown Crossroad Apt. 792
Port Peterport, FM 97665",N,hours
455,Ashley Anderson DVM,535-39-9756,"4109 Gerald Green
East Catherine, DC 48970",N,miles
456,Kara Lowery,181-01-0212,"318 Scott Fields
North Jodibury, MH 85354",Y,miles
457,Jonathan David,638-25-7822,"191 Castro Skyway
Cookfort, AZ 57965",N,hours
458,Yvette Kim,467-32-4046,"958 Jason Flats
North Michaelstad, AR 20080",Y,hours
459,Mr. Steven Holder,249-70-1111,"45329 Courtney Mountain Suite 456
Carrbury, WA 78667",Y,hours
460,Paul Graham,497-02-7243,"01952 Ray Street Suite 296
Samuelview, AR 03896",Y,miles
461,Maria Smith,135-87-2735,"959 Sarah Motorway
Maryview, NV 08084",N,miles
462,Jeremy Jordan,513-05-1811,"205 Coleman Divide Apt. 159
Kyleville, PW 63400",Y,miles
463,Christina Collier,748-53-4793,"011 Ana Pine Suite 919
New Ashleyview, CT 67232",Y,miles
464,Connie Taylor,851-04-0744,"0588 Martinez Track Apt. 345
Michelleview, VI 58553",Y,hours
465,Daniel Jenkins,792-54-7194,"384 Hicks Points
Haleymouth, VA 35871",N,hours
466,Todd Davis,245-82-8209,"09719 Alice Springs Apt. 574
Waltersmouth, AZ 12162",Y,hours
467,Steven Guzman,062-10-0465,"404 Elizabeth Plaza
Fordmouth, DE 31181",N,hours
468,Jonathan Bailey,709-20-6016,"9129 Espinoza Land Apt. 018
Port Antonio, NC 02190",N,miles
469,Shirley Davis,198-64-8536,"506 James Skyway Suite 223
East Justin, KY 19702",N,miles
470,Maria Thomas,647-61-1221,"472 Jessica Plains Suite 877
Paulberg, NH 20469",Y,miles
471,Russell Mcgrath,249-83-6349,"PSC 9817, Box 5889
APO AA 03867",Y,miles
472,Julia Fuentes,749-13-9104,"USS Davis
FPO AE 01002",Y,hours
473,Joseph Atkinson,818-51-8798,"07276 John Mountains Apt. 635
Greenberg, DC 66600",Y,hours
474,Andrea Livingston,011-78-2005,"0877 Hicks Passage Suite 673
South Amandahaven, SD 78324",N,miles
475,Jimmy Brooks,744-33-8345,"2229 Sullivan Junction Suite 684
Everettchester, HI 95705",Y,miles
476,Kristen Williams,725-59-3656,"14258 Banks Islands
Laurahaven, DE 22646",N,hours
477,Brittany Stevens,470-59-1952,"960 William Pike Suite 958
Perryhaven, UT 33016",Y,miles
478,Sara Holmes,739-16-4541,"660 Jones Mountains Suite 242
South Cody, SD 68211",N,hours
479,Hailey Barker,886-92-3415,"Unit 2776 Box 6021
DPO AP 44175",Y,hours
480,Chad Moore,645-42-7677,"6139 Ramirez Pass
Cannonfurt, OK 33486",Y,miles
481,Tasha Martinez,819-13-6238,"511 Delgado Roads Suite 264
Port Bethany, VT 94395",N,miles
482,Danielle Saunders,146-97-4931,"8717 Nicholas Ridges Apt. 538
Jonesmouth, RI 88179",N,miles
483,Mrs. Felicia Crawford,464-02-1077,"979 Jonathan Junctions Suite 853
New Donald, HI 58787",Y,hours
484,Cheryl Coleman,195-40-2266,"02940 Caldwell Ports
North Michael, ME 29721",N,hours
485,Kim Rowe,432-04-5298,"PSC 4975, Box 4119
APO AP 97344",Y,miles
486,Lisa Reed,015-25-2246,"851 Justin Street
Johnsonberg, ND 92823",Y,miles
487,Joseph Carlson,522-34-5580,"242 Brown Plaza
North Jamesburgh, NM 32925",N,miles
488,Jordan Lee,609-31-0977,"097 Gould Freeway Suite 400
Bethshire, OK 55467",N,miles
489,Christine Barker,396-46-5298,"92043 Trevino Pines
Allentown, CO 58049",Y,miles
490,Erin Lambert,890-53-8160,"21141 David Freeway
West Amyport, MP 93304",Y,miles
491,Holly Riggs,334-83-5632,"1910 Ford Falls Apt. 375
East Caseyville, CA 22596",N,hours
492,Jordan Gray,031-90-8001,"39467 Barry Knolls Apt. 813
Murphyland, NY 70674",N,miles
493,John Andrews,027-55-1944,"639 William Falls
West Gabrielville, IA 80481",N,miles
494,Kayla Potts,722-74-5047,"97684 Morton Village Suite 453
East Stephen, OH 67872",N,miles
495,James Fernandez,799-20-2015,"2529 Green Village Suite 287
Lake Michaelton, VI 45381",Y,miles
496,Michael Gray,481-89-6034,"5906 Brown Landing Suite 816
Dianeville, AL 01559",Y,hours
497,Jo Webb,676-03-1742,"59148 Kenneth Ports Suite 113
Castilloburgh, WV 29285",N,miles
498,Walter Davis,441-09-1216,"304 Steven Course
Halltown, NM 61694",N,hours
499,Andre Valdez,622-88-8541,"61688 Jill Port Apt. 454
Lake Taylorland, WY 63512",Y,miles
500,Keith Hammond,785-35-4106,"3642 Dennis Land
Amandaview, ID 94482",N,miles
501,Debra Flynn DDS,419-13-2592,"094 Pamela Trafficway Suite 065
Richardstown, WA 97299",N,hours
502,Brandon Clark,899-03-1859,"PSC 2742, Box 3321
APO AE 88412",N,miles
503,Miss Shannon Pruitt,627-37-8978,"716 Hernandez Vista Suite 375
Ortegaland, VA 62174",Y,hours
504,Dr. Brittney Koch MD,578-52-5364,"985 Jones Dale Apt. 798
Parkston, IN 42835",N,hours
505,Paula Jackson,091-88-4471,"61622 Jack Fields
Port Karistad, MO 48491",N,hours
506,Amber Castillo,450-89-9758,"3786 Graham Track Suite 785
Fullerbury, GU 40831",Y,miles
507,Wendy Friedman,646-29-4625,"4785 Sean Inlet
Michelleland, UT 98651",Y,miles
508,Anna Ellis,667-73-6464,"186 Hart River
New Reginald, AZ 82708",Y,hours
509,Tonya Gonzalez,326-38-6027,"28155 Lance Street
Port Jacobchester, CT 02822",N,miles
510,Tammy Ellis,783-47-9341,"18702 Ashley Bridge Suite 884
Cindyport, VI 67317",N,miles
511,Elizabeth Sanchez,144-80-9197,"6786 Morgan Branch Suite 692
Port Ianmouth, WA 46242",N,miles
512,Caitlin Wallace,493-98-6693,"99395 Harris Underpass Suite 011
North Ashleyside, TN 24333",Y,miles
513,Joy Krueger,883-63-6437,"817 Wayne Lodge Suite 512
Taylorville, SC 65086",N,miles
514,Jill Kelly,062-15-2941,"Unit 5547 Box 6649
DPO AP 53464",Y,miles
515,Daniel Larsen,260-45-1669,"31565 Green Port Suite 387
Larsentown, WY 59294",N,hours
516,James Rodriguez,324-59-0615,"766 Richard Canyon
Tracychester, MH 17248",N,miles
517,Robert Johnson,218-77-1257,"2795 William Trace Suite 315
North Angela, ID 51972",N,hours
518,Rodney Norman,727-84-6849,"930 Elizabeth Fall Suite 257
Lake Julieburgh, DC 69373",N,hours
519,Bryan Merritt,226-11-8772,"4024 Gibson Locks
Barnesfort, MT 56800",N,miles
520,Diane Johnson,553-13-3433,"86944 Leonard Square Suite 235
Christinahaven, WA 33425",Y,hours
521,Lisa Collins,206-74-6358,"107 Rachel Port
South Curtis, RI 92018",N,hours
522,Erin Harper,314-61-6329,"473 Richard Valleys Apt. 243
Jesustown, MT 51653",N,hours
523,Olivia Espinoza,629-54-6514,"374 Joseph Green Suite 825
South Sarah, SD 45485",Y,miles
524,Regina Lowe,240-35-2485,"17708 Teresa Corner Suite 403
Port Jacob, NH 63364",N,hours
525,Joyce Henderson,475-02-5561,"PSC 2547, Box 8922
APO AE 06219",N,hours
526,James Lee,704-29-2800,"3768 Patel Terrace
East Zachary, IN 97181",Y,hours
527,Austin Williams,539-95-8773,"USNV Williams
FPO AA 81412",N,hours
528,Cheryl Jones,796-40-5224,"83731 Chelsea Road
Fergusonport, MH 22520",Y,hours
529,Mary Patel,312-69-3735,"245 Martin Course
Jacquelinemouth, NM 81835",N,miles
530,John Madden,700-48-9309,"4310 King Station Apt. 911
Melissafurt, LA 49104",Y,miles
531,Danielle Lewis,305-66-3221,"7712 Romero Hills Suite 184
Davisfort, PW 68199",N,miles
532,Paul Mendoza,748-41-0711,"858 Travis Shoals Suite 167
Hopkinsville, MO 04309",Y,miles
533,Jesse Thornton,019-67-7432,"30073 Erin Course Apt. 913
Lake Ashleychester, SC 24283",N,miles
534,Amanda Dunn,509-85-2094,"499 Jones Ports
New Michaelhaven, IA 45122",Y,hours
535,Jessica Vang,604-51-5015,"99909 Johnson Trail
Gonzalesshire, WY 91299",Y,hours
536,Becky Hunt,897-93-3236,"889 Jennifer Key
Port Teresamouth, TN 66377",N,miles
537,Earl Gonzalez,209-86-5065,"6111 Baird Wells
West Jerry, GU 40970",Y,miles
538,Mark Robinson,732-31-8621,"76438 Stephanie Ridges Suite 902
Port Matthewton, GU 61820",N,hours
539,Bruce Dawson,479-34-1386,"574 Williams Points Suite 477
Lake Bridgetville, WV 07692",N,hours
540,Mr. Mark Miller,411-88-6313,"407 Jennifer Fort Apt. 758
Marshallstad, OH 94048",Y,hours
541,Curtis Petty,654-94-1336,"32520 Hunt Summit Suite 476
Brownland, WI 95008",N,miles
542,William Morris,122-82-0705,"7936 Rasmussen Road
Josephville, CA 77449",Y,miles
543,Darren Bailey,633-42-0609,"76266 Tina Corners
Michaelborough, CA 85972",Y,miles
544,David Bean,020-34-4341,"2426 Brown Islands Apt. 355
Shelleyfurt, MN 42627",Y,hours
545,Jeffrey Matthews,524-59-2637,"4611 Allison Glens Suite 854
East Michael, NJ 73500",Y,miles
546,Gary Allen,648-60-9016,"52764 Pollard Forges
North Juan, AZ 41754",N,miles
547,Michael Thompson,632-16-2587,"2330 Emily Centers Suite 227
New Deanna, VA 32543",N,hours
548,Troy Riggs,397-77-4006,"8987 Jonathan Pass
Porterchester, FM 91165",Y,hours
549,Jeffrey Morgan,702-57-5980,"8695 Velez Cape
Jodiville, MS 70487",Y,miles
550,Kevin Meyers,858-51-2763,"Unit 2694 Box 1582
DPO AE 85320",N,hours
551,Dillon Marsh,333-71-1519,"112 Nicholas Roads
Lake Allison, NM 71594",N,miles
552,Christopher Dunn,123-35-0910,"5556 Kimberly Mall
New Arthurchester, MO 51446",N,hours
553,Michelle Davis,443-59-9606,"412 Schmidt Freeway
West Tarachester, LA 72885",Y,hours
554,Joseph Murphy,585-40-2734,"18246 Hoffman Mountains Apt. 066
Cherylfort, PR 32431",Y,miles
555,Samuel Coleman,536-05-6399,"611 Benjamin Ville Apt. 976
East Kim, TX 27453",Y,miles
556,Dustin Stone,497-16-3857,"USCGC Wilson
FPO AE 42482",N,hours
557,Sharon Cooper,549-58-9194,"576 Werner Lock Suite 420
South Carmen, IL 17324",N,miles
558,Nicholas Kim,545-09-1939,"0334 Nicole Unions
Whitemouth, CO 87610",N,hours
559,Christina Silva,033-98-4690,"5524 Dawn Causeway Apt. 641
Gibsonfurt, MI 38798",N,miles
560,Stephen Tucker,442-86-3307,"07940 Shawn Rapid Suite 419
Estesside, KS 92033",N,miles
561,David Graham,169-10-9016,"89054 Haas Dam Apt. 358
North Devin, MD 99139",Y,hours
562,Ronald Lowery,858-12-6036,"48292 Nicholas Lakes Suite 097
Gailhaven, IA 50212",N,miles
563,Marissa Hooper,847-24-2172,"8109 Jones Curve Apt. 920
Lake Juanfurt, VI 91269",N,hours
564,Joseph Wright,713-01-4976,"37650 Sandra Junctions
New Taylor, VA 86592",Y,miles
565,Marie Hanson,534-78-5574,"USNV Smith
FPO AP 78109",Y,miles
566,Wendy Henderson,202-30-2750,"82600 Melinda Centers Suite 060
South Marisamouth, VI 95053",N,hours
567,Rhonda Brown,194-29-1167,"192 Michael Stream Suite 123
Jameschester, AL 52039",N,hours
568,Michael Davis,598-15-1843,"PSC 5659, Box 5106
APO AA 12998",Y,hours
569,Destiny Lowery,570-34-5035,"430 Michelle Lake Apt. 098
Lawrenceport, ME 63350",N,hours
570,Philip Manning,320-62-1284,"515 Jeffrey Mountains
Port Clayton, ME 67480",N,hours
571,Johnny Murphy,428-91-3602,"PSC 0141, Box 2190
APO AE 76052",N,hours
572,Cynthia Fisher,801-74-4996,"50498 Larry Spur
Port Cindy, CA 56091",N,hours
573,Brian Perez PhD,830-24-3546,"9071 Holly Loop
Vanceview, NJ 68103",Y,hours
574,Holly Torres,503-15-1400,"9380 Julie Heights Apt. 696
North Stacyside, KY 06184",Y,hours
575,Olivia Maxwell,575-05-7653,"198 Stacy Meadow
Port Mary, KY 47621",N,miles
576,Cindy Leonard,057-76-9753,"15166 Gilbert Throughway
Michaelside, ME 66549",N,miles
577,Juan Thomas,386-81-1981,"17319 Matthew Ridge
Port Tracy, AS 22821",Y,miles
578,Cindy Ferguson,331-99-1640,"1740 Sarah Landing
Copelandmouth, PA 52586",Y,hours
579,Marcus Haynes,172-71-5986,"177 Martinez Circle
Port Noah, NV 82428",N,hours
580,Jessica Walker,336-86-3481,"526 Ryan Rue Apt. 916
North Cassandra, AS 37949",Y,miles
581,Craig Mosley,864-97-9024,"481 Luis Alley Apt. 103
Parkerbury, IL 94844",Y,miles
582,Robin Huerta,498-82-1042,"8974 Noble Crest Suite 324
Lindachester, OR 07017",Y,hours
583,Monica Hughes,577-13-3392,"PSC 8078, Box 0508
APO AE 56406",N,miles
584,Nicolas Miller,262-18-9525,"5709 Alexander Prairie Suite 954
Port Victoriaville, MN 09816",N,miles
585,Michael Smith MD,263-02-9383,"PSC 0414, Box 8009
APO AE 43860",Y,miles
586,Martin Velez,007-79-9328,"6496 Joseph Oval
New Joseph, MN 47935",Y,miles
587,Daniel Mcintosh,078-84-2090,"038 Jennifer Manor Apt. 881
Lake Ashleyshire, NJ 67945",Y,hours
588,Antonio Garcia,271-21-7402,"PSC 5072, Box 0415
APO AE 55139",Y,hours
589,Wesley Park,085-87-3397,"PSC 1223, Box 0294
APO AP 49853",N,hours
590,Cassandra Miranda,664-78-2576,"02110 Amanda Mews
New Alexandra, DE 25722",Y,miles
591,Ariana Reilly,050-40-4484,"492 Alison Mill
Port Michelle, IL 21195",Y,miles
592,Sean Davis,514-87-4454,"34691 Brown Locks Apt. 191
North John, VI 01963",N,hours
593,Lee Hodge,794-24-0871,"362 Jesus Mission
Donaldside, GU 68593",Y,hours
594,Dr. Michelle Cooke MD,208-42-3439,"34266 Graham Inlet
Thompsontown, IN 34819",N,miles
595,Alyssa Martin,398-32-4362,"88271 Robert Trail Apt. 060
Kevinberg, AS 15093",N,hours
596,Jeffrey Jordan,254-29-8331,"553 Smith Gardens Apt. 699
Timothyfurt, MN 26815",Y,hours
597,Sophia Lam,791-69-5865,"6364 Wilson Avenue Apt. 360
South Madeline, GU 61468",Y,miles
598,Sierra Johnson,361-74-0096,"613 Ayala Field
South Tinaland, GU 88245",N,miles
599,Deanna Farley,231-47-7845,"45452 Robert Estate Suite 336
West Joseph, MH 13416",Y,hours
600,Jennifer Conrad,703-58-0901,"5770 Deborah Pike
West Nicholas, GA 56116",Y,miles
601,Nicole Bates,748-25-6910,"803 Timothy Motorway Apt. 416
North George, NH 69554",Y,hours
602,Jonathan Hodge,545-25-7403,"USNV Bolton
FPO AA 39114",Y,miles
603,Nicole Schroeder DDS,421-62-7243,"4589 Horton Ridge Apt. 634
South Garychester, MH 66255",N,miles
604,Shannon Powers,084-03-7493,"Unit 1097 Box 6882
DPO AP 70249",Y,hours
605,Nathan Jennings,576-24-8578,"0552 Michael Row
Longburgh, IA 49933",Y,hours
606,Ian Bishop,882-99-1927,"41080 Morton Stream Suite 192
Marystad, MD 93936",Y,hours
607,Maria Clay,575-80-8131,"2470 Washington Loop
North Paige, PW 76663",N,miles
608,Dana Daniels,519-52-9289,"17943 Phillips Cove Suite 783
New Natalie, NY 28495",Y,miles
609,Jennifer Zimmerman DDS,898-48-2001,"29940 Thompson Wall Suite 553
East Jenniferborough, NV 31616",Y,miles
610,Victoria Hines,764-54-0306,"7696 Toni Views Suite 373
Jasonbury, WI 58944",Y,hours
611,Denise Hawkins,718-68-0598,"20466 Green River
North Brittneytown, OR 22024",N,hours
612,Brian Walker,011-63-3619,"67571 Crawford Street Suite 139
Rogersfort, KS 98427",N,miles
613,Helen Brown,695-52-6104,"PSC 1537, Box 8751
APO AP 67963",Y,miles
614,Robert Erickson,700-77-6727,"7766 Bates Park
East Samantha, WY 47669",Y,hours
615,Russell Richards,128-39-3723,"4702 Mitchell Common
Port Donaldland, MA 45310",Y,miles
616,Kelli Ball,260-61-0382,"449 Wilkins Forge Apt. 369
Lake Joanna, LA 14136",N,miles
617,Nancy Shepard,843-29-7731,"3087 Hannah Loop Suite 927
Stacyfurt, KS 44038",N,miles
618,Joseph Watkins,749-17-1902,"1007 Alexis Stravenue
Gomezside, SC 19448",N,hours
619,Jennifer Dudley,340-99-4245,"3859 Simpson Trace
Amberborough, GU 12727",Y,hours
620,Jamie Proctor,262-42-3825,"5176 Michael Fords
New Patricia, CO 47081",Y,miles
621,Ryan Fox,122-74-3506,"971 Gordon Gateway Suite 902
South Sharonchester, PA 68931",N,miles
622,Kristin Cisneros,551-91-6136,"1944 Hampton Keys
Christopherberg, PW 45554",N,miles
623,Robin Baker,183-13-5503,"87378 Kelly Flats Apt. 531
Simonport, NC 77686",Y,miles
624,Jennifer Parker,079-20-3010,"930 Mark Views Apt. 064
South Natashafurt, WA 83105",Y,hours
625,Michael Ponce,036-87-1726,"4218 Alicia Crescent Suite 175
Gallegosborough, MD 62743",N,miles
626,Suzanne Smith,874-51-9723,"6167 Weiss Field
Josebury, LA 64689",Y,hours
627,Danielle Holloway,163-75-7124,"76077 Morris Pines
North Caseyview, PA 20853",Y,hours
628,Allison Green,188-20-6613,"7985 Edwards Harbors Apt. 833
East Edward, NV 77092",Y,hours
629,Jessica Harris,733-27-2637,"Unit 6290 Box 9541
DPO AP 32563",Y,hours
630,Michelle Carr,155-54-1902,"763 Mann Shore
Destinyside, SD 29228",N,hours
631,Kristopher Sawyer,660-71-9936,"8492 Sanchez Burgs
Port Cassandraton, RI 28653",Y,miles
632,Mrs. Ashley Ray,180-71-2691,"8468 Christopher Stravenue
Gillhaven, RI 27541",N,miles
633,Kelli Griffin,059-10-4830,"1285 Brown Mountains Suite 308
South Amanda, CO 96313",Y,miles
634,Jennifer Robbins,770-05-6853,"5093 Kristin Mill
North Gregory, PA 52213",N,miles
635,Janice Patterson,839-73-8957,"USCGC Skinner
FPO AP 51514",N,miles
636,Elizabeth Johnson,898-62-2629,"387 Andrew Cape Apt. 467
Port Brendanfurt, VI 79584",Y,miles
637,Michael Peterson,546-21-6893,"074 Barbara Parkway
Bowersmouth, WY 32137",Y,miles
638,Alyssa Anderson,614-38-3117,"62441 Larry Tunnel Suite 046
Port Karenshire, LA 52952",N,miles
639,Elizabeth Duffy,619-65-1938,"625 Park Well Apt. 569
Heatherchester, AL 13117",Y,miles
640,Brian Molina,436-59-3779,"0598 Evans Road
Baileymouth, KY 83402",Y,miles
641,Michael Perez,880-39-7638,"5239 Heidi Locks
New Veronica, MI 50514",N,hours
642,Robert Boone,029-99-8223,"309 Rachel River Suite 503
Lake Ryanport, WA 31087",Y,miles
643,Nicholas Thomas,173-51-8701,"3681 Simpson Wells
North Karenshire, UT 33248",N,hours
644,Sandra Drake,436-58-7101,"86445 Hall Inlet
South Scottburgh, HI 61766",Y,miles
645,Kerry Nguyen,391-25-0648,"299 Bruce Ports Apt. 456
Jenniferborough, MO 96949",Y,hours
646,Michelle Jensen MD,595-34-3054,"1895 Wendy Forges Suite 674
North Mary, IL 18430",N,hours
647,Jeremy Lopez,386-61-0031,"07597 Melanie Haven Suite 179
Veronicashire, PA 30708",Y,miles
648,Brian Howard,866-20-2331,"70223 Lisa Views Apt. 557
Leonberg, TN 23910",N,hours
649,Debbie Mendez,798-01-4772,"7326 Christopher Path Suite 851
Martinfurt, UT 19893",Y,miles
650,Michael George,364-10-1322,"4928 Joy Street Suite 197
Port Stephanie, GU 79741",N,miles
651,Jeff Mitchell,241-97-8214,"79794 Brown Keys
East Rebecca, WA 54667",Y,hours
652,Gregory Thomas,325-87-1433,"796 Cindy Valley
New George, TX 53911",N,miles
653,Carlos Conley,492-81-7068,"75175 Vincent Way
North Kaylafort, DC 05652",N,hours
654,Susan Moran,608-50-2559,"Unit 5436 Box 9427
DPO AA 28582",N,miles
655,Steven Smith,893-91-7602,"53621 Lewis Divide
Lyonsview, IN 51769",N,miles
656,Michelle Camacho,558-68-2939,"55783 Rosario Inlet Suite 462
North Joshua, IN 63569",N,hours
657,William Wong,015-08-0427,"03433 Duncan Burgs Apt. 839
Marquezport, VI 22398",Y,miles
658,Adam Hernandez,362-02-9983,"83236 Rodriguez Knoll
Port Candicetown, DC 41748",Y,hours
659,Paul Simpson,516-99-6282,"18219 Christopher Ford Suite 355
Michellechester, IL 85035",N,hours
660,Alexander Castillo,324-46-1455,"31289 Nancy Stream Suite 706
South Michael, GU 84557",Y,hours
661,Michael Cox,154-04-0640,"293 Henderson Course
Lake Stephen, MN 90051",Y,hours
662,Ashley Hanson,708-60-5350,"USS Bell
FPO AA 93353",N,hours
663,Edward Porter,218-60-3687,"49006 Robin Stravenue Apt. 968
Peterfort, NM 01158",Y,miles
664,Jesus Lambert,836-18-9122,"810 Anderson Walk
Alantown, OR 93791",Y,miles
665,Teresa Johnson,800-24-4466,"885 Gallagher Divide
North Carolhaven, AS 60697",Y,miles
666,Manuel Cook,674-02-1818,"2746 Steele Field Apt. 364
Rebeccaland, PW 68287",N,hours
667,Dennis Benton Jr.,749-39-0553,"45789 Lisa Orchard Apt. 135
South Stephanie, AS 62833",Y,miles
668,Laurie Pittman,534-02-9621,"4658 Short Forest Suite 965
West Patricia, NY 89754",N,hours
669,Patrick Gonzalez,637-98-6968,"469 Karen Viaduct
East Erin, HI 36703",Y,miles
670,Bailey French,219-65-2025,"16538 Williams Hill Suite 926
Port James, OH 37432",Y,hours
671,Margaret Wallace,894-86-0766,"492 Matthew Vista
East Amyville, IA 13741",N,miles
672,Angel Smith,237-81-6597,"298 Emily Bypass Apt. 468
West Matthew, DE 15696",N,miles
673,Jennifer Davis,248-18-9750,"11245 Nancy Plaza Suite 566
Jameshaven, MN 86332",Y,hours
674,Ronald Kelley,591-76-8931,"96307 West Neck
North Craigshire, MO 72817",Y,miles
675,Jennifer Kim,102-16-6332,"578 Henderson Court
Kristinchester, WA 26160",N,hours
676,Ronald Cherry,524-18-9145,"Unit 5932 Box 4779
DPO AP 93059",N,miles
677,Joshua Burns,576-17-1622,"05069 Clayton Point
Nathanview, AZ 32611",N,hours
678,Jennifer Nelson,724-07-2727,"975 Pam Unions
Lake Devin, NY 18450",N,miles
679,April Boyd,755-22-1785,"7055 Lin Highway Apt. 243
Lake Maria, MD 17816",N,miles
680,Robert Rivas,701-84-5762,"28585 Linda Flats Suite 163
West Hannahburgh, FL 46054",N,hours
681,Jennifer Smith,845-78-2812,"9284 Amanda Harbor
Moorechester, NE 13652",Y,miles
682,Michelle Dunn,660-21-6235,"3267 Robles Villages Apt. 534
New Kaylachester, KY 71968",Y,hours
683,Rebecca Boyd,263-56-0700,"7347 Hogan Crescent
Catherinefort, ID 39368",N,miles
684,Abigail Blair,829-01-6190,"69102 William Passage
Deborahmouth, IN 67038",N,miles
685,Stacy Ward,378-99-0749,"44931 Rowe Stravenue Apt. 703
Port Bobby, MD 31524",Y,hours
686,Derrick Fernandez,240-84-2533,"0457 Susan Views
Landryview, NV 82041",Y,miles
687,Laura Chang,181-69-6082,"205 Garcia Burg Apt. 505
New Robynmouth, MD 44710",Y,miles
688,Jennifer Clayton,654-74-7026,"16603 Franklin Knoll
Port Jenniferland, IA 42980",Y,hours
689,Karen Watson,094-51-0168,"36499 Hines Place
Lake John, SD 86126",Y,miles
690,Ryan Williams,595-28-8461,"3962 Sarah Corner Suite 616
South Jenniferchester, NJ 83946",Y,miles
691,William Mora,531-37-3249,"19099 Fields Estate
Kaylaton, AZ 54705",N,hours
692,Emily Hale,304-27-4208,"878 Kerry Rapids
Lake Charleston, DC 40663",Y,hours
693,Ashley Smith,017-18-5874,"38316 Austin Road Suite 175
Ryanfurt, AL 09831",N,miles
694,Jerry Villarreal,077-23-2076,"441 Justin Summit Suite 778
Wattsshire, ND 59421",Y,hours
695,Kathleen Schmitt,277-71-7396,"8290 Wise Camp
West Danielleville, CO 34859",Y,miles
696,Megan Sawyer,679-98-8372,"3612 James Meadows Apt. 192
North Kristen, DE 18230",N,miles
697,James Williams,512-20-5893,"USNV Payne
FPO AP 87563",Y,miles
698,Richard Gamble,476-78-3557,"961 Daniel Landing
Lake Cheryl, OK 27050",N,miles
699,Alexandra Pearson,584-45-0143,"432 Angelica Highway
Ryanland, MO 92946",N,hours
700,Jessica Short,438-29-3912,"7555 Cheryl Union
Autumnstad, RI 53448",N,hours
701,Michael Walters,329-52-7150,"67631 Wall Fords
Robertfurt, MS 34339",Y,miles
702,Travis Richardson,230-23-6677,"862 Joseph Keys Apt. 948
South Ashley, ND 19602",N,miles
703,Beth Taylor,491-74-3628,"045 Fox River
South Kevin, VT 01411",Y,hours
704,Amanda Wilson,245-67-0715,"62863 Rebecca Prairie Apt. 736
Oscarfort, MT 56606",Y,hours
705,Maria Blankenship,330-21-5150,"Unit 5800 Box 9497
DPO AE 64050",N,miles
706,Mr. Mitchell Keller MD,654-62-5417,"USNV Wilson
FPO AP 02290",Y,miles
707,Mike Galloway,202-54-2804,"06396 Spencer Glen
Haleystad, TX 63022",Y,miles
708,Nathan Stark,502-33-7705,"1933 Mejia Glen
East Carolinechester, MO 46953",Y,hours
709,Alfred Ramos,064-63-2380,"35034 Lee Fall Apt. 073
New Heidifort, RI 21149",N,hours
710,Samuel Jefferson,154-08-9758,"1044 Jessica Islands Suite 546
South Jenniferberg, AS 25248",N,miles
711,Joshua Lucas,558-21-2123,"526 Perry Tunnel Suite 608
East Danielleton, NV 71519",N,miles
712,Dan Rice,645-85-1540,"USNS Garcia
FPO AE 85825",N,miles
713,William Cardenas,878-76-8998,"260 Harris Passage
North Pamelamouth, CA 15180",Y,hours
714,Cheryl Johnson,851-82-1309,"84356 Aaron Landing
New Carolchester, MO 30505",N,miles
715,Rebecca Dixon,022-01-0351,"Unit 2698 Box 7959
DPO AA 84635",Y,miles
716,Lee Fowler,651-60-3761,"574 Simmons Mission
Gomezchester, GU 92585",Y,hours
717,Tom Smith,214-67-5774,"837 Jones Underpass
Willismouth, WA 13309",N,miles
718,Paul Berry,358-17-6502,"486 Eric Summit
Jeffreyberg, MA 30907",Y,hours
719,Sydney Reed,583-78-5312,"02786 Jessica Glens
South Coryland, NM 82100",Y,hours
720,Andre Rush,464-19-8454,"95999 Kidd Bridge Apt. 781
Wilkersonview, TX 42127",Y,miles
721,Mike Moore,151-97-1822,"6346 William Mills Apt. 222
Lisaburgh, PW 12115",N,hours
722,Sherry Calderon,602-71-0452,"5658 Smith Port
Lake Sethside, VI 68595",Y,hours
723,Ashley Phillips,341-59-3338,"862 Carol Ferry Suite 663
Andreston, CO 53560",Y,hours
724,Carlos Bowers,036-56-2761,"7602 Megan Wall
Port Patricia, HI 37759",N,miles
725,James Smith,306-30-9907,"1187 Gary Shore
Newmanside, IA 92292",Y,hours
726,Amy Prince,426-64-7608,"8103 Karen Village
East Lindatown, GA 52375",Y,hours
727,Richard Wilson,161-93-7184,"USNS Lane
FPO AA 21201",Y,hours
728,Anne Davis,181-46-8049,"172 Thornton Stream Suite 343
Kramerberg, AZ 01375",Y,miles
729,Kristi Costa,552-03-7645,"893 Scott Port
East Haleyshire, WY 62060",Y,hours
730,Tammy Watson,739-38-4274,"0837 Woodard Knolls
South Brett, WI 43871",N,hours
731,Kevin Ramirez,209-13-5651,"807 Mosley Via
Port Keithview, IN 62020",Y,hours
732,Vanessa Watson,266-41-4895,"804 Victor Stravenue
Elizabethport, KS 94615",Y,hours
733,Kaitlin Mccarthy,153-38-4989,"532 Powell Inlet
New Michael, IN 55198",Y,hours
734,Cory Cook,453-70-4401,"17123 Fischer Union
Amyborough, AL 62479",Y,hours
735,Alec Heath,751-43-1471,"8278 Renee Station Apt. 895
Port Virginiaview, NM 15722",N,miles
736,Jared Haas,163-08-6184,"11741 Michael Manor
New Jennyhaven, NH 51510",N,miles
737,Natalie Burke,787-73-3437,"06653 Baker Shoal
Martinbury, IN 29468",Y,hours
738,Jodi Lee,302-62-1994,"01454 Yates Turnpike Suite 467
Kimberlyside, RI 53543",N,hours
739,Kelly Hernandez,035-61-2734,"4036 Brenda Ports
Cassidystad, OK 20471",Y,miles
740,Walter Torres,642-01-2602,"66746 Michele Parks Apt. 459
New Matthewburgh, WI 49359",Y,hours
741,Laura Williams,068-38-1816,"206 Tyler Forks Apt. 243
East Jennifertown, MD 56252",Y,hours
742,Brenda Lee,055-09-6107,"6938 French Route
North Helen, MP 45200",Y,miles
743,Brittany Bird,249-97-4594,"8561 Heather Manors
Garciastad, ND 60049",Y,miles
744,Amanda Stein,447-85-7089,"38473 Jeffrey Manor Suite 320
Lake Jennifer, MD 71097",Y,miles
745,Nicholas Nunez,182-54-9074,"04865 Glover Neck
New Francesstad, IA 72205",Y,miles
746,Phillip Snyder,526-55-5451,"844 Johnson Keys
Millerburgh, TX 64205",N,hours
747,Randy Rodriguez,251-18-7630,"Unit 2417 Box 1398
DPO AE 49042",Y,hours
748,Kyle Barnes,440-50-7790,"8323 Williams Creek
North Melissa, MP 05059",Y,miles
749,Denise Hopkins,254-56-8712,"666 Jackson Freeway
West Javierburgh, CA 98860",Y,miles
750,Hannah Khan,568-07-1764,"011 Lynch Shoals Apt. 969
Port Patty, IA 69871",N,hours
751,Diana Meadows,010-20-1975,"767 Roberts Brooks
Douglasport, NJ 65050",Y,miles
752,Madison Dunn,678-22-7849,"47963 Ramirez Falls Suite 636
Reedmouth, KY 99759",N,miles
753,William Jones,621-72-9572,"USCGC Hernandez
FPO AE 56744",Y,miles
754,Amber Hamilton,685-27-6849,"21107 Latasha Mill Suite 713
Fergusonborough, SD 69036",Y,miles
755,Julie Johnson DVM,495-51-4429,"6597 Hernandez Harbors Apt. 788
Bethton, MO 41808",Y,hours
756,Jennifer Nguyen,283-21-9115,"271 Bray Haven Suite 112
New Anthonyport, HI 69756",N,hours
757,Mark Woods,371-97-2279,"9494 Suzanne Ranch Apt. 450
Browntown, IN 34307",Y,hours
758,Amy Parks,703-69-7993,"94041 Jacob Views Suite 355
Schroederborough, ND 62874",N,miles
759,Mrs. Cassandra Gonzales,514-73-5516,"2270 Reynolds Knoll Suite 822
Haileyfort, IL 68759",Y,hours
760,Edward Anderson,499-04-0320,"6522 Ann Gateway
Darleneport, AS 45996",N,miles
761,Andrew Martin,726-77-7404,"0630 William Stream Apt. 934
Longland, OK 34169",N,hours
762,Robin Spears,200-73-1826,"0181 Andrew Squares Suite 943
Johnsonview, AK 31195",Y,miles
763,Denise Hall,036-57-5629,"444 Kimberly Drive Apt. 263
Jesseport, WV 91106",N,miles
764,Eric Nelson,557-40-6308,"USS Lucas
FPO AE 45839",N,miles
765,Joshua Humphrey,075-33-5445,"038 Monique Terrace
Williamschester, AL 87023",N,hours
766,Diamond Clark,215-81-6510,"305 Sherry Creek
Port Nicole, PW 32347",Y,miles
767,Kelsey Richardson,238-18-2920,"13969 John Fords Suite 935
Janetland, NH 85538",Y,hours
768,Stanley Middleton,473-98-0032,"11589 Alan Row Apt. 800
Port Jameshaven, TX 90925",N,miles
769,Lisa Stewart,025-13-6781,"0211 Hannah Meadows
South Wayneton, SD 62693",Y,hours
770,Susan Morris,428-46-0714,"21949 Julie Parkway Apt. 945
Wongmouth, AK 94991",N,miles
771,Alicia Pugh,127-98-3463,"43242 Nathan Roads
West Nicholasville, WV 81358",Y,miles
772,Michael Phillips,028-40-5214,"268 Thomas Meadows Apt. 641
Lake Jacob, ID 22080",N,miles
773,Walter Gonzalez,292-57-1873,"100 Williams Circle
Meganport, ME 34355",Y,hours
774,Craig Williams,742-53-7891,"PSC 3902, Box 7285
APO AA 52323",N,hours
775,Kristen Hayes,591-54-9249,"280 Julie Green Apt. 552
Barrview, CT 45301",N,miles
776,Carla Smith,255-04-7536,"6344 Carlson Isle
Brownborough, GU 13387",N,hours
777,Sean Smith,302-89-2772,"09310 Michael Ford Apt. 980
Hollyhaven, ND 36515",N,hours
778,Jessica Washington,297-89-2893,"35551 William Via
Jessicaville, NV 27391",Y,miles
779,Cheryl Moody,245-18-4230,"488 Ronald Mountain
Morrisonfurt, NJ 44422",N,hours
780,Jessica Martin,149-34-0160,"099 Smith Curve Suite 026
Davidview, OK 76482",N,miles
781,Joy Stanley,046-76-9117,"60899 Nguyen Forges Suite 464
West Emily, MP 91265",Y,hours
782,Timothy Bryant,070-53-4287,"42929 Brenda Flats Suite 609
South Derrickport, MH 58595",N,miles
783,Christian Hicks,091-65-2017,"313 Wilson Falls Suite 476
West Christine, KY 85585",Y,miles
784,Joseph Nguyen,459-20-3062,"PSC 2582, Box 6852
APO AP 60788",Y,miles
785,Willie White,006-13-9461,"78564 Spencer Forks
New Laurachester, KS 61013",Y,miles
786,Patrick Chambers,887-85-3141,"USNV Ross
FPO AP 30081",N,miles
787,Erica Henderson MD,053-06-8560,"139 Orozco Shores
Gutierrezberg, MH 78055",Y,miles
788,Caroline Davis,661-77-4290,"62895 Matthew Expressway
Johnsonbury, CT 54884",N,miles
789,Christine Miller,669-86-4146,"1584 Potter Lakes Apt. 237
Huntershire, MO 50569",N,miles
790,Dustin Tran,098-11-6639,"8327 Meyers Villages
Cruzside, AL 82775",Y,hours
791,Courtney Ritter,115-09-8965,"PSC 7434, Box 5007
APO AP 80507",N,hours
792,Faith Allen,499-14-7718,"370 Kim Islands Apt. 677
West Michaeltown, NJ 93750",N,miles
793,Regina Shepherd,407-14-7903,"890 Michelle Roads
Leroyport, CA 77110",Y,miles
794,Adam Roberts,108-54-3057,"35080 Tracy Circle
New Thomas, GA 44458",N,miles
795,Stacy Castillo,060-51-9647,"67823 Ferguson Forge
Coleberg, AK 18559",N,hours
796,Craig Murray,456-50-2614,"465 Jennifer Isle
Grayport, AS 71422",Y,miles
797,Alexandra Peterson,174-29-1392,"04571 Morton Fall Apt. 486
South Billside, HI 39531",N,miles
798,Lori Harris,860-95-4841,"56323 David Parkways
Heatherland, ID 19877",Y,miles
799,Scott Kaiser,065-23-5219,"63412 Jermaine Greens
South Lisafurt, SC 23736",N,hours
800,Pamela Keith,763-45-1229,"PSC 6018, Box 0617
APO AE 59046",Y,miles
801,Chelsea Rogers,859-44-4631,"976 Anthony Islands Apt. 035
South Veronica, FL 39337",N,hours
802,Katherine Jackson,101-25-1594,"65408 Martin Spurs Apt. 446
Sarahtown, IA 26381",Y,hours
803,Lauren Frazier,865-22-6562,"7520 Nicolas Gateway
East Anne, DC 26738",Y,hours
804,Brian Johnson,121-16-5338,"Unit 1636 Box 2628
DPO AA 14335",N,hours
805,Angelica Tran,082-25-3628,"950 Walker Court Apt. 421
Sarahmouth, ND 05046",N,hours
806,Julia Tapia,647-02-7241,"38870 Jennifer Stream Apt. 481
Aaronton, MH 20665",N,miles
807,Judy Morales,151-08-5220,"8772 Smith Crest Apt. 496
Racheltown, AR 84273",N,miles
808,Rachel Jones,166-11-3720,"607 John Place
Hayesfurt, SD 55832",Y,hours
809,Scott Medina,307-70-4733,"0758 Frank Meadows
Whiteheadstad, MA 68013",Y,miles
810,Mary Levy,039-30-1225,"318 April Pines
Lake Scottberg, SC 34047",Y,miles
811,Steven Vega,667-05-4324,"47669 Jackson Trail
Buckleystad, MO 74208",Y,hours
812,Lisa Ramirez,580-66-9417,"700 Schroeder Rapid Suite 259
Amandaland, AR 19827",N,miles
813,Kristy Burton,566-79-3176,"1278 Heather Roads
West Joshualand, ME 92820",N,miles
814,Robin Peterson,383-16-2365,"490 Paul Road
Bryanport, PR 26801",Y,hours
815,Michelle Cooper,724-84-4899,"2589 Lisa Passage
North Robertberg, RI 88581",N,hours
816,Michael Roberts,789-89-6527,"3244 Christian Spring
Dominguezland, OK 10293",N,miles
817,Stanley Chen,834-37-7813,"261 Freeman Avenue Suite 882
South Daisychester, AZ 90316",N,hours
818,Marvin Thompson,543-30-7662,"90338 Myers Ford Suite 287
Maxwellchester, VT 33092",Y,miles
819,Meghan Davis,285-58-8448,"830 Christy Isle
Dennisstad, IA 68559",Y,hours
820,Larry Carey,185-79-1134,"14185 George Mountain Suite 457
New Brooke, AK 35541",Y,hours
821,Allison Patterson,504-11-6354,"54444 Johnson Viaduct
Blairton, AZ 41661",Y,miles
822,Terrence Vargas,237-32-0331,"01475 Lee Port
Ramosborough, RI 17007",Y,miles
823,Brett Berry,628-54-8589,"0437 Phillip Glens
Donovanshire, GU 92637",N,hours
824,Scott Jacobson,806-01-2766,"983 James Skyway Apt. 826
New Luishaven, OK 54537",Y,hours
825,Lauren Campbell,716-51-8069,"5442 Green Stravenue
Jesseville, MA 85619",N,hours
826,Natalie Crosby,135-77-3943,"4494 Bird Estates
Lake Robert, GU 12459",Y,miles
827,Matthew Kent,805-25-9846,"405 Lee Inlet
Simpsonbury, NH 57638",Y,miles
828,Jonathan Perez,541-60-9303,"25035 Eric Ramp Suite 425
Port John, LA 75922",N,miles
829,Jacob Moore,105-53-6336,"09763 Stephanie Fields Apt. 022
Lake Maryshire, AK 56083",Y,hours
830,Angela Gray,422-05-8281,"313 Kevin Crest Apt. 105
Thompsonshire, AL 85886",N,miles
831,Eric Lucas,415-88-0932,"84237 Horne Street
Ericmouth, GA 80028",Y,hours
832,Kimberly Lambert,610-81-6355,"3746 Bailey Way
North Alexander, IL 35368",N,miles
833,Jennifer Cervantes,035-91-3288,"70191 Ralph Forges
South Jasonborough, HI 52570",Y,miles
834,Tommy Dominguez,608-91-9090,"3476 Castro Lane Apt. 042
South Jacqueline, VI 87949",Y,miles
835,Lauren Scott,216-21-3880,"Unit 6321 Box 7919
DPO AE 21637",N,miles
836,Carlos Miller,357-08-3042,"20743 Alexandra Underpass Suite 580
South Elizabeth, OH 72827",Y,miles
837,Christine Collier,703-63-3364,"8889 Colon Village
Port Denise, PR 02726",N,hours
838,Taylor Jones,521-56-5466,"229 Aaron Wall
Candicefort, TN 59076",N,miles
839,Susan Price,350-05-1523,"78491 Gloria Stravenue Apt. 903
North Allison, SD 02926",Y,miles
840,Jennifer Stephens,246-68-8458,"16873 Stein Fields Suite 478
West Alicia, MI 09852",N,hours
841,Ryan Lynn,864-96-1400,"70479 Thomas Stravenue
New Yvonne, UT 50698",Y,miles
842,Kelly Kerr,285-87-8080,"99939 Shawn Estates
North Julian, TX 19901",Y,miles
843,Allison Brown,537-80-0512,"91587 Steven Gardens
Benjaminborough, HI 24558",N,hours
844,Kirk Abbott,715-76-3581,"2893 Patel Stream Suite 250
South Melvinside, NC 02420",Y,miles
845,Juan Lambert,372-82-7827,"03821 Ramos Squares Suite 749
Joyfort, DC 50310",N,hours
846,Pamela Mcguire,011-36-8580,"70345 Heather Forge
West Kimberlyburgh, DE 57935",N,hours
847,Yolanda Watkins,186-24-1261,"9516 Jones Plains Suite 788
West James, MO 04721",Y,hours
848,Carl Espinoza,643-03-0548,"61595 Alan Parks Suite 630
New Anthony, MA 29815",N,miles
849,Donna Jackson,712-55-9850,"USNV Jackson
FPO AE 53398",Y,miles
850,Gene Thomas,748-73-8788,"26558 Smith Freeway
East Emilymouth, MI 78839",Y,miles
851,Kimberly Nguyen,532-32-5297,"7449 Blake Mission Apt. 416
New Erin, KS 72056",N,hours
852,Tammy Patterson,300-62-0368,"45443 Amy Trace Apt. 667
Watsonside, DC 90391",N,miles
853,James Reed,385-20-7187,"913 Hanson Gateway Apt. 261
Taylorburgh, RI 33088",N,miles
854,Tammy Gonzalez,467-22-5194,"97775 Hatfield Rest Suite 294
Clarkmouth, OH 98837",N,hours
855,Jacob Jimenez,236-93-9961,"703 Tucker Alley Suite 283
South Tony, ID 86705",Y,miles
856,Eric Anderson,743-73-2757,"47103 Stephanie Lights Suite 688
Thomashaven, PR 71972",Y,hours
857,Scott Scott MD,047-66-7773,"9344 Ortega Manors
Port Carolyn, DE 08545",Y,hours
858,Crystal Huynh,553-96-8430,"USCGC Morrow
FPO AP 05484",N,hours
859,Megan Lamb,316-29-0720,"4731 Robin Shoal Apt. 655
West Davidberg, TX 07475",N,hours
860,Benjamin Allen,843-82-4124,"230 Gutierrez Groves
New Kyleborough, NH 04866",N,miles
861,Joseph Walker,821-09-2476,"674 Amy Ramp
Port Matthewview, MS 93935",Y,miles
862,Duane Rodriguez,519-05-7636,"97272 Ramirez Fort Suite 703
Sweeneystad, RI 77241",Y,hours
863,Michael Hall,028-73-0879,"02792 Crosby Oval
Sanchezport, NJ 48515",N,hours
864,Alicia Juarez,590-52-0592,"851 Davis Shore
West Jamesland, OH 92249",N,miles
865,Ashley Mccarty,048-42-2797,"52600 Page Walk
New Kristin, NJ 65840",Y,miles
866,Jeffrey Morales MD,181-52-5427,"USNS Sanders
FPO AP 37960",N,miles
867,Mary Salazar,327-29-8486,"350 Carney Road
South Grant, IN 54831",N,miles
868,Jessica Bernard,891-73-7667,"8617 Walker Way Suite 063
Leeborough, ID 17319",N,miles
869,Stephanie Bridges,040-56-6157,"67525 Katrina Branch
Kathleenside, NH 19341",Y,miles
870,Amanda Lee,657-51-2644,"438 Doyle Field Suite 282
Jackieburgh, NC 68276",N,hours
871,Connie Sherman,174-39-1355,"77831 Mason Freeway
Vanessaside, MO 83653",Y,hours
872,Rhonda Lopez,069-95-9855,"978 Kayla Brooks Suite 117
Lake Aprilchester, NM 84639",Y,hours
873,Lauren Boyd,425-40-5811,"447 Keith Extension
New Mark, TX 54023",Y,miles
874,Eugene Patrick,582-59-5739,"5517 Willie Inlet
Lake Charlesbury, LA 47514",Y,hours
875,Hector Levine,814-49-8026,"94702 Castro Alley
Lake Kristina, RI 26862",N,hours
876,Nicholas Wright,142-10-2037,"89462 Gomez Crescent Apt. 682
New Andrewshire, ME 90713",N,hours
877,Matthew Fisher,360-48-8586,"061 Elizabeth Mountain
South Andrewberg, NE 37787",Y,miles
878,Audrey Andrews,574-18-4428,"154 Williams Flat
Port Scott, NY 26560",Y,miles
879,Joshua Murphy,713-77-6032,"6791 Newton Hills Suite 123
Tonyaberg, VI 56491",N,hours
880,Dakota Rodriguez,822-72-4349,"10187 Kimberly Stream Suite 797
Kimville, NJ 52005",Y,hours
881,Jacob Morrow,176-83-1232,"01012 Velazquez Locks
Laurieland, GU 63535",N,miles
882,Shane Marshall,146-60-3187,"656 Ayala Vista Apt. 559
East Frank, OR 37530",Y,hours
883,Charles Greer,623-40-3735,"325 Montes Cliffs Apt. 551
Port Travismouth, OR 92943",N,hours
884,James Hogan,544-16-7932,"5846 Thomas Divide
Dominguezshire, OR 79598",N,miles
885,Stacey Williams,267-74-1149,"5230 Davis Manors
Andrewchester, AZ 77061",N,hours
886,Andrea Nguyen,846-27-3180,"457 Barnett Unions
Ritterberg, IA 78971",N,miles
887,Kimberly Mcneil,270-60-6046,"10792 Robert Course Apt. 476
Port Sandyshire, MN 77021",N,miles
888,Mary Carlson,198-97-4026,"362 Jessica Haven Suite 061
Hollandberg, MO 17908",N,hours
889,Michael Taylor,424-11-7505,"52378 Paul Coves Suite 160
Jacobburgh, KY 20756",Y,hours
890,Peter Navarro,468-21-2593,"PSC 7041, Box 3080
APO AA 51910",N,hours
891,Patrick Guerrero,664-83-6005,"5916 Carlson Tunnel Suite 321
East Mary, CO 88477",N,hours
892,Kelli Pearson,874-84-1866,"5171 Floyd Plains
Cynthialand, PR 70195",N,hours
893,Reginald Beard,515-53-1270,"951 Lang Plaza
North Allen, PA 23007",Y,hours
894,Maria Holt,730-60-6182,"69006 Terri Branch Suite 130
Floresview, IL 50028",N,miles
895,Rachel Clark,777-79-5383,"319 Amber Landing
Kimmouth, MN 37468",Y,hours
896,Jason Weeks,022-80-8244,"0050 Douglas Islands
Lake Kimberlyfort, UT 01736",Y,hours
897,Paul Hamilton,441-42-6298,"PSC 4409, Box 3797
APO AA 49686",N,hours
898,John Griffin,196-06-7750,"28558 Cynthia Meadow Apt. 488
Armstrongside, RI 06234",Y,hours
899,Brett Lawrence,218-20-3767,"PSC 9007, Box 6968
APO AA 16788",N,miles
900,Andrew Sullivan,483-03-9951,"18690 Mitchell Fields Suite 561
East Mitchell, PW 53607",Y,miles
901,Scott Stone,724-22-4884,"829 Guzman Walks Suite 372
Port Joanton, IN 00570",Y,miles
902,Joshua Turner,324-23-7888,"3004 Berry Plaza
New Sara, MO 52810",Y,hours
903,Lauren Anderson,887-97-4542,"28619 Shannon Locks Suite 364
Woodhaven, ME 37761",Y,hours
904,Jennifer Diaz,751-08-0026,"305 Schwartz Extension Apt. 968
South Joseph, CT 05484",Y,miles
905,Monica Wilson,347-25-6644,"915 Johnston Via Suite 783
New Williamfurt, FL 88424",Y,miles
906,Laura Hall,775-06-6450,"PSC 1254, Box 3416
APO AE 19515",Y,hours
907,Bethany Morgan,708-66-9950,"3885 James Bridge Apt. 838
South Kim, LA 01324",N,hours
908,Edward Anderson,883-56-9698,"97825 Robert Mill
Johnfurt, AK 05563",N,miles
909,Haley Jones,236-88-1516,"918 Lee Rest
Carolfort, WY 10236",Y,miles
910,Kyle Clark,402-89-3859,"8309 Lisa Village Apt. 461
South Keith, AK 96387",N,miles
911,Samantha Green,148-51-8574,"3694 Jenna Bypass Suite 796
Port Karafurt, NV 59441",N,hours
912,Nathaniel Grant,298-32-2564,"8227 Wendy Meadow
West Blake, PR 52059",Y,miles
913,William Harrison,394-75-0524,"USS Stewart
FPO AA 71330",Y,hours
914,John Price,718-48-9407,"9168 Daryl Light
New Alexander, NE 91388",N,hours
915,Veronica Daniels,775-17-4893,"591 Heath Trail Suite 862
Barbaraland, MN 41414",N,miles
916,Brandon Dennis,285-08-0230,"966 Patterson Plaza
North Christine, MH 79616",Y,hours
917,Catherine Fitzgerald,245-17-5380,"291 Stephanie Points
East Keith, AS 82088",N,miles
918,Melissa Thompson,161-44-1406,"7747 Jenkins Falls
South Ashleyberg, FL 70285",Y,miles
919,Kathy White,438-89-4503,"60693 Walker Meadows Suite 414
West Kathyland, VT 23938",Y,miles
920,Susan Brown,264-58-3761,"PSC 9929, Box 3563
APO AP 47610",Y,miles
921,Rebecca Thomas,841-25-1250,"PSC 2863, Box 6793
APO AE 67770",Y,miles
922,Bonnie Morse,843-66-7959,"3158 Carter Glens
North Angelaland, OH 07928",Y,miles
923,Christina Romero,254-92-2917,"660 Julie Divide Apt. 737
Garyshire, VT 08437",N,hours
924,Roberto George,806-59-3283,"4554 Merritt Heights
Shannonview, NM 38225",Y,hours
925,Alex Smith,182-03-2883,"Unit 0735 Box 6217
DPO AA 34248",N,hours
926,Kerry Benson,331-95-5578,"USCGC Rangel
FPO AA 35460",N,miles
927,James King,017-85-2232,"51846 Mills Locks
South Williamview, DC 33221",N,hours
928,Linda Spencer,853-64-7832,"53140 Jessica Fields Suite 645
New Jenniferfurt, NC 67176",Y,miles
929,Joe Barry,045-10-4215,"USNV Douglas
FPO AP 80266",Y,hours
930,Traci House,029-61-3459,"49934 Joshua Junction
Port Emily, KY 72121",Y,hours
931,Bailey Weiss,243-69-9763,"6855 Garcia Street
North Brittanyview, CO 42643",Y,hours
932,Jeremy Flynn,457-82-4236,"863 Merritt Knolls Apt. 024
Port Bobbyborough, SD 37260",Y,miles
933,Carol Ware,596-18-0758,"21953 Cook Pike
North Dianaview, AL 80116",Y,hours
934,Carolyn Woods,093-49-7474,"0572 Roberts Square
West Jessica, ME 14213",N,hours
935,Matthew Rodriguez,113-29-6774,"6007 Richard Key Apt. 807
Ashleyville, HI 82013",N,miles
936,Bradley Lane,397-04-0110,"USNV Hamilton
FPO AP 10436",N,hours
937,James Moreno,547-16-5352,"507 Dustin Centers
Castroton, WI 90824",N,miles
938,Mary Alvarado,584-58-8858,"132 Devin Cove Apt. 595
Osborneport, MI 27116",N,miles
939,Kristen Mills,336-28-7584,"Unit 4970 Box 1264
DPO AE 89282",Y,miles
940,Kevin Maldonado,335-92-3663,"089 Veronica Island
East Elizabeth, DC 09400",Y,hours
941,Christopher Sanders,123-50-3064,"7609 Tammy Squares Apt. 295
Lorishire, NE 31096",N,miles
942,Donna Dean,294-97-0929,"6728 Hernandez Turnpike
East Jonathon, GA 56705",Y,miles
943,Rebecca Vincent,180-19-8016,"0563 Wright Village Apt. 071
Lake Jennifertown, ID 90333",N,hours
944,Jacob Anderson,167-24-5148,"80577 Martin Field
Alexhaven, WI 92500",Y,hours
945,Bradley Abbott,520-91-6275,"846 Bethany Dam Apt. 844
Monicaport, ME 17040",Y,miles
946,Angela Garrison,007-71-2395,"6017 Taylor Loaf Suite 256
New Justin, CO 17715",Y,miles
947,James Brewer,858-72-7081,"382 Lisa Tunnel
Joneston, PW 28805",Y,hours
948,Andrew Gates Jr.,895-87-9080,"53623 Kelly Route
South Ryanfurt, GU 51931",N,miles
949,Amber Garcia,059-28-8748,"866 Christian Track
Birdshire, NE 34930",Y,hours
950,Jason Pruitt,193-79-6186,"01975 Roberson Divide
East Crystalstad, FM 48507",Y,miles
951,Tina Hall,707-16-8450,"78917 Elizabeth Ridge
Cruzport, SC 07033",N,hours
952,Stacey Hernandez,253-13-0159,"60475 Dean Union
East Gilbertton, UT 06212",N,hours
953,Lauren Ramos,119-65-8403,"42972 Christina Ramp
Vargasview, ME 89658",Y,hours
954,Daniel Harris,004-55-7210,"3884 Johnson Cliff
Andersontown, AR 69030",N,miles
955,Matthew Jackson DVM,399-72-3468,"919 Lisa Island Apt. 813
Lindabury, MI 87177",N,miles
956,Carolyn Vincent,060-15-3786,"90700 Aaron Tunnel
Joshuahaven, ID 32362",N,hours
957,Melissa Best,510-08-6404,"9788 Thompson Skyway Suite 572
Williamsberg, PW 87526",N,miles
958,Ryan Berg,230-35-7001,"30206 Greene Mountain Apt. 969
North Blaketown, MN 44282",N,miles
959,Victoria Mcneil PhD,548-92-3827,"319 Ellis Center Suite 232
New Pamelaton, MS 23280",Y,hours
960,Donald Miranda,531-20-5807,"6300 Kevin Stream Suite 521
Lopezview, MS 28991",Y,miles
961,Amanda Yu,581-05-2592,"806 Johnson Flats
Port Adammouth, WI 08214",Y,hours
962,David Moore,080-04-9424,"47378 Olson Pike
West Adriana, SD 25245",Y,hours
963,Joseph Benton,196-65-3165,"5916 Blankenship Drive
Port Justin, MN 26241",Y,miles
964,Hannah Andrews,716-61-2749,"020 Mitchell Garden Apt. 928
Taylorfort, MD 30313",Y,hours
965,Tony Garcia,108-88-4179,"021 Denise Stravenue
Lake Sara, DC 39492",Y,hours
966,Jose Harmon,417-52-7581,"710 Sanders Falls Apt. 532
Teresaberg, AR 26862",N,miles
967,Robert Warner,089-52-9254,"35630 Torres Parkway Apt. 063
Stephanieburgh, WI 54533",Y,miles
968,Timothy Cox,079-95-4178,"1540 Henderson Haven
Port Jennifer, MH 26821",N,miles
969,Joseph Berry,884-30-7450,"74109 Howard Road Suite 117
Lake Davidfort, NM 98439",Y,miles
970,Michelle Potts,862-71-6965,"3113 Curtis Inlet Apt. 177
Catherineburgh, DE 20456",N,hours
971,Brooke Wade,042-34-5628,"3184 Kayla Camp
New Johnport, LA 06439",Y,hours
972,Jason Cochran,663-08-7599,"16242 Wood Wall
South Jamesborough, WY 04036",N,miles
973,Beth Vaughn,540-07-2216,"0650 Matthews Run Suite 046
Annstad, MA 04707",Y,hours
974,James Li,015-80-2436,"43322 Daniel Parkways Apt. 148
Sharonbury, MH 67380",Y,hours
975,Jennifer Cooley,708-46-5338,"1405 Bryant Mill Suite 608
West Timothy, PA 07666",Y,hours
976,Jeffrey Terrell,754-58-0502,"34682 Atkins Corner Suite 588
Michelebury, KS 38532",Y,hours
977,Veronica Walker,397-06-9750,"172 Contreras Freeway Suite 432
South Amy, NJ 61120",Y,miles
978,Debra Roberts,467-06-1502,"94599 Moran Dam Suite 343
Grayburgh, TX 96018",N,miles
979,Summer Ortega,831-18-2279,"USCGC Larson
FPO AA 21333",N,hours
980,Kimberly Parker,768-19-6055,"187 Patel Throughway
New Robert, WY 64535",Y,miles
981,Tracie Parker,361-82-0674,"523 Anthony Plaza
South Jessicaside, DE 49103",Y,miles
982,Robert Patrick,459-28-4443,"387 Diaz Hollow Suite 246
Hawkinsside, IL 61072",Y,hours
983,Mary Morrison,855-59-7619,"26965 Chavez Highway
Shermanport, VT 78253",N,miles
984,Katie Holloway,517-53-1003,"02287 Mary Camp Suite 534
West Bonnie, LA 12996",Y,miles
985,Jordan Pineda,034-63-3438,"5016 Moore Spurs
Simsmouth, IA 48521",N,miles
986,Joel Curtis Jr.,247-63-4646,"886 Richard Estates Apt. 088
New Debrachester, VA 75848",Y,hours
987,Samuel Cowan,855-01-8835,"51583 Boone River
Pereztown, RI 48789",Y,hours
988,Jacqueline Solis,658-18-1850,"8578 Mejia Throughway Apt. 983
North Susanburgh, PR 13148",N,miles
989,Matthew Moses,071-13-7106,"779 Collins Gateway
North Seth, VI 02936",N,hours
990,Joanna Horne,397-95-2836,"24665 Pacheco Canyon Suite 073
South Jennaport, MO 04526",N,hours
991,Nathan Underwood,043-92-9853,"0851 Melanie Burgs Suite 455
Jodiborough, GA 40343",N,miles
992,Selena Estrada,469-54-0608,"76889 Anthony Trail Suite 508
East Edwardshire, NE 75504",N,hours
993,Chelsea Webster,750-77-5725,"785 Weiss Locks Suite 163
Deannamouth, NC 03347",N,hours
994,Matthew Brown,328-19-0360,"5745 Michele Walks Apt. 388
Stevenport, NJ 85687",Y,miles
995,Zoe Wagner,784-47-9314,"94357 Christina Squares
Port Denisemouth, NJ 10192",N,miles
996,Stephanie Barnes,013-99-6608,"2005 Deleon Brook
Lake Josephstad, OR 49359",Y,miles
997,Brandon Wheeler,198-80-0154,"085 Daniel Manors
South Michael, NE 28764",N,hours
998,Rodney Powell,842-07-9544,"973 Edwards Track
Crossfort, FL 44277",Y,miles
999,William Wong,135-20-6557,"969 Michael Forges Suite 319
Rachelfort, NM 28476",Y,hours
1000,Frank Aguilar,723-70-8552,"264 Mayo Courts
Mclaughlinshire, GU 36700",Y,hours
1001,Haley Smith,329-06-2316,"573 Loretta Forks
West Tracey, HI 73614",N,hours
1002,Donald Fisher,669-59-3925,"58502 David Springs Apt. 557
Moodyland, CO 10118",N,miles
1003,Frances Pearson,719-33-9344,"2226 Silva Island
Geraldburgh, WV 24150",Y,miles
1004,Audrey Charles,500-37-8964,"55476 Castro Point Suite 686
Port Ernestberg, CO 32148",Y,hours
1005,Dr. Miguel Gordon,765-36-4514,"Unit 7577 Box 4757
DPO AE 86651",N,hours
1006,Michael Thomas,780-82-2612,"22678 Robert Harbors Suite 647
North Sarah, AZ 06437",N,miles
1007,Christopher Patterson,491-23-2094,"132 Parker Ford
Josephside, OH 68306",N,miles
1008,Ashley Baker,508-21-9453,"519 Emily Plaza Suite 250
New Nicole, MI 59316",N,miles
1009,Sara Long,823-79-4551,"7064 Savage Coves Suite 795
Rodneyburgh, IA 11893",Y,hours
